Job Title,Job Id,Job Company Name,Job Type,Job Manager,Job Status,Job Earned Value,Job Total Budget,Job Scheduled Due Date,Job Last Contact Date
Orientation,1019,Employee Courses,Internal,Carly Hague,Active,0,0,2023-01-26,
Buck Creek 47-05 & 47-06 W5M,1018,i3 Energy Canada Ltd.,Annual Survey,Brody Leveille,Active,0,1060,2023-01-31,
West Pembina 15-10-49-12 W5 - ICT testing and inspections Remedial,1017,Ridgeback Resources Inc.,Remedial Work,Brody Leveille,Active,3630,3315.5,2023-01-30,
Pine Creek 06-16-57-18 W5M,1016,Journey Energy Inc.,Annual Survey,Brody Leveille,Active,0,1060,2023-01-31,
Westward Ho Rectifier Run,1015,Corrosion Technologies (Internal),Rectifier Monitoring,Brody Leveille,Active,0,0,2023-01-18,
Rocky Mountain House Rectifier Run,1014,Corrosion Technologies (Internal),Rectifier Monitoring,Brody Leveille,Active,0,0,2023-01-18,
Rimbey Rectifier Run,1013,Corrosion Technologies (Internal),Rectifier Monitoring,Brody Leveille,Active,2340,1125,2023-01-18,
Olds Rectifier Run,1012,Corrosion Technologies (Internal),Rectifier Monitoring,Brody Leveille,Active,0,0,2023-01-18,
Drayton Valley Rectifier Run,1011,Corrosion Technologies (Internal),Rectifier Monitoring,Brody Leveille,Active,720,481.25,2023-01-18,
Caroline Rectifier Run,1010,Corrosion Technologies (Internal),Rectifier Monitoring,Brody Leveille,Active,0,0,2023-01-18,
Inphase - Toggle Switch,1009,Inphase Electric,Remedial Work,Brody Leveille,Planned,0,140.35,,
"Ferrybank 03-07-43-27, 01-34-43-28 W4M & 05-24-43-01 W5M",1008,Forden Energy Inc.,Annual Survey,Brody Leveille,Active,3870,2472.5,2023-01-20,
Wimborne 05-12-34-26 W4 - Rechecks,1004,Vantage Point Resources Inc.,Remedial Work,Brody Leveille,Active,685,647.5,2023-01-25,
Aspen Point C16 AC Mitigation Route Assessment,1003,Hardline Engineering Ltd.,Project Work,Andrew Reader,Planned,0,5750,,
Pine Lake,1002,Harvard Energy,Annual Survey,Brody Leveille,Active,775,1285,2023-01-18,
Pipeline Bore Coating Conductance Testing,1001,Petrus Resources Ltd.,Project Work,Mike Roberts,Active,2580,1517.5,2023-01-18,
Sylvan Lake 02-05-37-04 W5M,1000,Bonavista Energy Corporation,Annual Survey,Brody Leveille,Active,1260,942.5,2023-01-17,
Freehold Royalties FTI,999,Freehold Royalties Ltd.,Annual Survey,Brody Leveille,Active,2250,1400,2023-01-17,
Willesden Green 01-17-42-06 W5,998,Entrada Resources Inc.,Annual Survey,Mike Roberts,Active,8790,5039.97,2023-01-12,
Aspen Point N5 AC Mitigation Route Assessment,997,Hardline Engineering Ltd.,Project Work,Andrew Reader,Active,0,7000,2023-01-02,
16-27-07-19 W3M - Anode bed termination,995,Crescent Point Energy Corp. (SK),Remedial Work,Mike Roberts,Active,1000,968.75,2022-12-26,
04-28-04-20 W3M - Anode bed termination,994,Crescent Point Energy Corp. (SK),Remedial Work,Mike Roberts,Active,952.5,968.75,2022-12-26,
10-34-48-06 W5M - Rechecks,993,Crazy Hill Resources Ltd.,Remedial Work,Mike Roberts,Active,600,834.8,2022-12-29,
Mikwan 09-06-38-23 W4M,992,High Point Resources Inc.,Annual Survey,Brody Leveille,Active,1022.5,647.5,2022-12-28,
Crimson Lake - Multiple locations - Cad Weld Bond,991,Obsidian Energy Ltd.,Remedial Work,Brody Leveille,Active,2292.5,2982.89,2022-12-22,
Paddy Creek  - 08-27-48-10 W5 - Discontinuation,990,Obsidian Energy Ltd.,Remedial Work,Mike Roberts,Active,75,782,2022-12-22,
Rectifier check 16-02,988,Success Resources Ltd.,Remedial Work,Brody Leveille,Planned,112.5,605,2022-12-16,
Gilby Jurassic Oil 05-28-40-03 W5,986,Journey Energy Inc.,Annual Survey,Mike Roberts,Survey Complete,1850,1013.99,2022-12-19,
Rectifier Monitoring - Twining,985,Barnwell of Canada Limited,Rectifier Monitoring,Brody Leveille,Active,442.68,0,2022-12-01,
10-34-48-06 W5M,982,Crazy Hill Resources Ltd.,Annual Survey,Brody Leveille,Survey Complete,1125,696.25,2022-12-14,
Suffield 13-09-14-19 W3 - Anode Bed Install,981,Whitecap Resources Inc. (SK),Installation,Brody Leveille,Active,0,14470.56,2022-12-08,
Enchant 08-21-13-16 W4 - Remedial,980,CNRL,Remedial Work,Brody Leveille,Active,285,278.75,2022-12-07,
Cad weld IPL ,979,Arnett & Burgess Oilfield Construction Ltd.,Installation,Mike Roberts,Active,645,680,2022-12-07,
Morrin - Ghostpine Conventional 08-11-31-21 W4,976,Pine Cliff Energy Ltd.,Annual Survey,Brody Leveille,Active,16362.5,9054.03,2022-12-02,
Lodgepole,975,i3 Energy Canada Ltd.,Annual Survey,Brody Leveille,Survey Complete,6035,2958.76,2022-12-07,
Gull Lake 02-03-42-28 W4,974,Just Freehold Energy Corp.,Annual Survey,Brody Leveille,Survey Complete,1210,1005.18,2022-12-06,
Leckie Facilities 16-24-18-17 W4M,972,Road 53 Resources Inc.,Annual Survey,Brody Leveille,Survey Complete,7015,1627.5,2022-12-05,
Cynthia East 11-03 Rectifier Relocate,971,Obsidian Energy Ltd.,Installation,Mike Roberts,Active,855,1224.56,2022-11-29,
Panorama Survey,970,Obsidian Energy Ltd.,Annual Survey,Mike Roberts,Survey Complete,3075,2364.94,2022-12-02,
Test Materials,968,Corrosion Technologies (Internal),Installation,Andrew Reader,Planned,2158.2,14500,,
Test Fixed Price,967,Corrosion Technologies (Internal),Project Work,Andrew Reader,Planned,0,49250,,
CSO,966,Employee Courses,Internal,Carly Hague,Active,0,0,2022-11-17,
Brazeau 14-30-45-11 W5,962,Ridgeback Resources Inc.,Annual Survey,Mike Roberts,Survey Complete,1732.5,1745.1,2022-11-28,
NACE CP3,961,Employee Courses,Internal,Carly Hague,Active,0,0,2022-11-10,
NACE CP2,960,Employee Courses,Internal,Carly Hague,Active,0,0,2022-11-10,
NACE CP1,959,Employee Courses,Internal,Carly Hague,Active,0,0,2022-11-10,
Bear Aware Training,958,Employee Courses,Internal,Carly Hague,Active,0,0,2022-11-10,
Ground Disturbance Training,957,Employee Courses,Internal,Carly Hague,Active,0,0,2025-06-27,
First Aid Training,956,Employee Courses,Internal,Carly Hague,Active,0,0,2024-10-24,
H2S Training,955,Employee Courses,Internal,Carly Hague,Active,0,0,2025-07-03,
Fox Creek Remedial - ICT Investigations,948,Crescent Point Energy Corp.,Remedial Work,Mike Roberts,Active,5605,4622.5,2022-11-21,
Paddy Creek 06-11-48-10 W5 (16 rectifiers),946,Obsidian Energy Ltd.,Annual Survey,Mike Roberts,Active,6547.5,2241.22,2022-11-30,
Nevis 08-09-38-21 W4M,943,i3 Energy Canada Ltd.,Annual Survey,Brody Leveille,Active,1065,1088.04,2022-11-30,
Hays 12-18/15-23-013-15 W4M - materials,940,CNRL,Installation,,Planned,0,532.12,2022-10-26,
Dollard 02-22-07-20 W3 - 05-22 Install,938,Crescent Point Energy Corp. (SK),Installation,,Active,800,797.52,2022-11-10,
Bowden Refinery 13-25-34-01 W5 -  Tank Inspection,936,Parkland Refining Ltd. (AB),Project Work,Mike Roberts,Active,2460,3404.5,2022-10-28,
Bonnie Glen 12-08-47-27 W4M,935,Petrus Resources Ltd.,Annual Survey,Mike Roberts,Survey Complete,477.5,597.5,2022-11-02,
Leitchville 04-16-09-19 and 04-11-09-19 W3M,934,Crescent Point Energy Corp. (SK),Annual Survey,Mike Roberts,Survey Complete,9015,4087.95,2022-11-02,
Cadotte Facilities 13-13-84-19 W5,933,Obsidian Energy Ltd.,Annual Survey,Brody Leveille,Active,1075,1195.83,2023-01-02,
Seal Main Facilities 13-08-82-15 W5,932,Obsidian Energy Ltd.,Annual Survey,Brody Leveille,Survey Complete,1660,1406.21,2023-01-17,
Harmon Valley South Facilities 07-06-83-17 W5,931,Obsidian Energy Ltd.,Annual Survey,Brody Leveille,Survey Complete,3562.5,2503.33,2022-12-30,
Cantaur Main Gathering System 15-15-16-17 W3M - Rectifier Install 01-21,930,Crescent Point Energy Corp. (SK),Installation,Mike Roberts,Active,2040,5065.38,2022-10-27,
Brine Pond 6 - Install,929,Pembina Infrastructure and Logistics LP,Installation,Mike Roberts,Active,12195,156563.46,2022-10-27,
Spread 3 - 18 Test Station Installs,925,Arnett & Burgess Oilfield Construction Ltd.,Installation,Mike Roberts,Active,10290,3705,2022-10-27,
Spread 2 - 17 TS Installs,924,Arnett & Burgess Oilfield Construction Ltd.,Installation,Mike Roberts,Active,11590,9479.7,2022-10-27,
Three Hills CBM 16-32-33-24 W4,923,Pine Cliff Energy Ltd.,Annual Survey,Brody Leveille,Active,7860,2740,2022-10-27,
South Swan Hills 10-19-65-10 W5,918,Razor Energy Corp.,Annual Survey,Mike Roberts,Survey Complete,19257.5,8202.64,2022-11-01,
Nevis East / Oberlin 01-29-38-21 W4,917,Just Freehold Energy Corp.,Annual Survey,Brody Leveille,Survey Complete,5770,3351.29,2022-10-28,
Joffre 15-17-39-26 W4,915,DEL Canada GP Ltd.,Annual Survey,,Active,5690,2592.5,2022-12-27,
Minors Foreign Tie Ins,914,Whitecap Resources Inc.,Annual Survey,Brody Leveille,Active,935,2100,2022-10-19,
East End 101/10-09-06-22 W3M,913,North American Helium,Annual Survey,Mike Roberts,Survey Complete,617,1072.37,2022-10-21,
Open Lake GGS 15-17-42-06 W5,911,Loyal Energy (Canada) Operating Ltd.,Annual Survey,Brody Leveille,Survey Complete,2537.5,2580.04,2022-10-20,
Ricinus 11-28-34-08 W5M,910,Bonavista Energy Corporation,Annual Survey,Brody Leveille,Active,1500,1342.5,2022-12-21,
Kakwa 16-07-63-05 W5M,909,ORLEN Upstream Canada Ltd.,Annual Survey,Brody Leveille,Active,4550,2150.83,2022-10-20,
Pembina/Brazeau FTI'S,908,Ridgeback Resources Inc.,Annual Survey,Brody Leveille,Survey Complete,1522.5,1250,2022-10-19,
Test,907,Corrosion Technologies (Internal),Annual Survey,Andrew Reader,Active,640,1243.49,2022-10-19,
Glauc Pool 05-04-49-01 W5,906,Petrus Resources Ltd.,Annual Survey,Mike Roberts,Survey Complete,2450,1052.5,2022-10-19,
expenses,905,Corrosion Technologies (Internal),Internal,Melissa MacDougall,Planned,0,0,,
CNRL Vauxhall AC Interference Study,904,AltaLink LP,Project Work,Andrew Reader,Active,4080,41462.5,2022-10-14,
Brooks- Materials,900,PTW Energy Services,Installation,Brody Leveille,Planned,0,299.4,2023-01-28,
Elkton,898,Loyal Energy (Canada) Operating Ltd.,Annual Survey,Brody Leveille,Survey Complete,12785,6015.85,2022-10-03,
Harmattan Main Battery- 07-12-32-04 W5M,897,Loyal Energy (Canada) Operating Ltd.,Annual Survey,Brody Leveille,Survey Complete,15340,4825,2022-09-26,
Esther 16-16-32-04 W4M,895,Griffon Partners,Annual Survey,,Active,0,485,2022-11-16,
Bodo Area,893,Sun Century Petroleum Corporation,Annual Survey,Brody Leveille,Survey Complete,765,1137.5,2022-10-07,
Cardston Alta-Link,891,Arnett & Burgess Oilfield Construction Ltd.,Project Work,Mike Roberts,Active,0,0,2022-09-30,
Kaybob AC Interference Study,884,Crescent Point Energy Corp.,Project Work,Andrew Reader,Active,722.5,15565,2022-08-22,
Turner Valley 15-17-18-02 W5,883,Crescent Point Energy Corp.,Annual Survey,Mike Roberts,Survey Complete,17630,11283.94,2022-08-31,
Success 06-26-17-16 W3M,882,Crescent Point Energy Corp. (SK),Annual Survey,Mike Roberts,Survey Complete,1360,967.09,2022-09-13,
Hazlet Oil Gathering System 08-03-17-19 W3M,881,Crescent Point Energy Corp. (SK),Annual Survey,Mike Roberts,Survey Complete,790,900.02,2022-09-13,
Cantaur Main Gathering System 15-15-16-17 W3M,880,Crescent Point Energy Corp. (SK),Annual Survey,Mike Roberts,Survey Complete,11104,6954.9,2022-08-29,
Battrum Unit 08-21-18-17 W3M,879,Crescent Point Energy Corp. (SK),Annual Survey,Mike Roberts,Survey Complete,12742.5,7511.57,2022-09-13,
Telfordville & Golden Spike 12-23-51-27 W4,877,Free Rein Resources Ltd.,Annual Survey,Brody Leveille,Survey Complete,4130,1591.25,2022-09-09,
Town of Rainbow Lake CP Survey,876,Town of Rainbow Lake c/o SMJ 2000 Services,Annual Survey,Andrew Reader,Survey Complete,2595,2026.87,2022-08-17,
Cynthia East (10 Rectifiers),875,Obsidian Energy Ltd.,Annual Survey,Mike Roberts,Survey Complete,4887.5,2931.97,2022-08-16,
Prevo 15-16-39-28 W4M FTI to Certus,874,840586 AB LTD,Annual Survey,Tyrel Jennings,Survey Complete,660,1669.57,2022-08-10,
Peco 16-28-48-14 W5M,873,Obsidian Energy Ltd.,Annual Survey,Mike Roberts,Survey Complete,450,590,2022-08-11,
Entice 11-12-23-28 W4M,872,HESC Energy Limited Partnership,Annual Survey,Brody Leveille,Survey Complete,870,761.66,2022-08-09,
Leduc 08-32-49-26 W4M,871,HESC Energy Limited Partnership,Annual Survey,Brody Leveille,Survey Complete,892,1135.94,2022-08-23,
Sundre 10-11-33-05 W5M,870,Mato Inc.,Annual Survey,Brody Leveille,Survey Complete,300,672.5,2022-08-08,
Charlie Facilities 13-09-89-06 W6M,866,Blue Sky Resources Ltd.,Annual Survey,Mike Roberts,Survey Complete,2093,1500.81,2022-08-31,
Dixonville Facilities 02-32-87-01 W6M,865,Blue Sky Resources Ltd.,Annual Survey,Mike Roberts,Survey Complete,1325,1113.08,2022-08-31,
Cecil Facilities 16-33-84-08 W6M,864,Blue Sky Resources Ltd.,Annual Survey,Mike Roberts,Survey Complete,1215,1074.16,2022-08-31,
Carrot Creek 12-12-53-13 W5M,863,INSCH Commodity Ltd.,Annual Survey,Mike Roberts,Survey Complete,926,837.5,2022-07-20,
Tomahawk 01-18-52-05 W5M,862,INSCH Commodity Ltd.,Annual Survey,Mike Roberts,Survey Complete,810,716.25,2022-07-20,
CP system Commissioning,861,Peak Mechanical Partnership,Installation,Mike Roberts,Active,5310,7736.3,2022-07-12,
Cypress 14-34-05-26 W3M,857,North American Helium,Annual Survey,Mike Roberts,Survey Complete,2100,5968.85,2022-06-28,
West Borradaile 06-32-52-07 W4M,854,CNRL,Annual Survey,Mike Roberts,Survey Complete,649.4,1312.25,2022-06-22,
Cache Creek 13-27-60-13 W4M,850,Tykewest Limited,Annual Survey,Brody Leveille,Active,71.4,609.17,2022-06-02,
Redwater 13-27-51-21 W4M,849,CNRL,Annual Survey,Mike Roberts,Survey Complete,1260,745.4,2022-06-02,
North Smoky 11-26-60-18 W4M,847,CNRL,Annual Survey,Mike Roberts,Survey Complete,952,1486.66,2022-06-02,
Rectifier Monitoring - Crimson Lake,844,Obsidian Energy Ltd.,Rectifier Monitoring,Melissa MacDougall,Active,15758.65,53.72,2022-09-09,
Rectifier Monitoring - Faraway/Open Creek,843,Obsidian Energy Ltd.,Rectifier Monitoring,Melissa MacDougall,Active,3547.15,0,2022-09-09,
Rectifier Monitoring - i3 Energy Canada Ltd. - Drayton Valley,842,i3 Energy Canada Ltd.,Rectifier Monitoring,Melissa MacDougall,Active,3663,329.31,2022-09-09,
Rectifier Monitoring - Olds,841,Persist Oil & Gas Inc.,Rectifier Monitoring,Melissa MacDougall,Active,814.1,288.96,2022-09-09,
Rectifier Monitoring - Rimbey (RMH),840,Bonavista Energy Corporation,Rectifier Monitoring,Melissa MacDougall,Active,2694.88,237.5,2022-09-09,
Rectifier Monitoring - Wilson Creek/Gilby,839,Bonavista Energy Corporation,Rectifier Monitoring,Melissa MacDougall,Active,1077.44,0,2022-09-09,
Rectifier Monitoring - Strachan,838,Whitecap Resources Inc.,Rectifier Monitoring,Melissa MacDougall,Active,211.21,0,2022-09-09,
Rectifier Monitoring - Olds,837,Whitecap Resources Inc.,Rectifier Monitoring,Melissa MacDougall,Active,11762.63,32.64,2022-09-09,
Rectifier Monitoring - Joffre,836,Whitecap Resources Inc.,Rectifier Monitoring,Melissa MacDougall,Active,633.63,0,2022-09-09,
Rectifier Monitoring - Innisfail,835,Whitecap Resources Inc.,Rectifier Monitoring,Melissa MacDougall,Active,1267.26,0,2022-09-09,
Rectifier Monitoring - Lochend,834,Whitecap Resources Inc.,Rectifier Monitoring,Melissa MacDougall,Active,232.6,0,2022-09-09,
Rectifier Monitoring - Harmattan East,833,Whitecap Resources Inc.,Rectifier Monitoring,Melissa MacDougall,Active,633.63,0,2022-09-09,
Rectifier Monitoring - Westward Ho/Garrington South/Central,832,Whitecap Resources Inc.,Rectifier Monitoring,Melissa MacDougall,Active,5010.89,5.95,2022-09-09,
Rectifier Monitoring - Garrington North/Lanaway/Kevisville,831,Whitecap Resources Inc.,Rectifier Monitoring,Melissa MacDougall,Active,844.84,0,2022-09-09,
Rectifier Monitoring - Garrington Cardium,830,Whitecap Resources Inc.,Rectifier Monitoring,Melissa MacDougall,Active,2962.96,0,2022-09-09,
Rectifier Monitoring - Acme/Swalwell/Lonepine,829,Whitecap Resources Inc.,Rectifier Monitoring,Melissa MacDougall,Active,4012.99,0,2022-09-09,
Parkland Battery 07-25-14-26 W4M,828,Rampart Oil Inc.,Annual Survey,Brody Leveille,Survey Complete,3259,3591.88,2022-07-29,
Provost Gathering 04-29-38-03 W4M,827,Wescan Energy Corp.,Annual Survey,Brody Leveille,Survey Complete,3976,4827.92,2022-05-17,
Carmichael 13-15-11-19 W3,826,Whitecap Resources Inc. (SK),Annual Survey,Brody Leveille,Survey Complete,1776,2041.53,2022-05-09,
Rectifier Replacement Bluesky 15-06-109-07 W6M,824,Cenovus Energy Inc.,Installation,,Active,950,14272.36,2022-05-25,
Wood River Area,822,Barnwell of Canada Limited,Annual Survey,Brody Leveille,Survey Complete,325,735,2022-05-31,
Rectifier Monitoring - Drayton Area,816,InPlay Oil Corp.,Rectifier Monitoring,Brody Leveille,Planned,1395.6,0,2022-04-12,
Rectifier Monitoring - Wimborne Field/Kneehill/Mikwan/Davey Lake,813,Vantage Point Resources Inc.,Rectifier Monitoring,Brody Leveille,Planned,2558.6,425,2022-04-12,
Rectifier Monitoring - Med River 12-04-39-03 W5M,812,Baytex Energy Corp.,Rectifier Monitoring,Brody Leveille,Planned,232.6,0,2022-04-12,
Rectifier Monitoring - Sylvan Lake Field,811,BTG Energy Corp.,Rectifier Monitoring,Brody Leveille,Active,1730.05,0,2022-04-12,
Rectifier Monitoring - Med River Field,809,Certus Oil & Gas Inc.,Rectifier Monitoring,Brody Leveille,Planned,1860.8,0,2022-04-12,
Rectifier Monitoring - Prevo/Gilby,808,Certus Oil & Gas Inc.,Rectifier Monitoring,Brody Leveille,Planned,116.3,0,2022-04-12,
Rectifier Monitoring - 06-20 Field,807,Certus Oil & Gas Inc.,Rectifier Monitoring,Brody Leveille,Planned,755.95,0,2022-04-12,
Rectifier Monitoring - Rimbey Area,804,Keyera Partnership,Rectifier Monitoring,Brody Leveille,Active,872.25,0,2022-04-12,
Rectifier Monitoring - Rimbey Area,797,InPlay Oil Corp.,Rectifier Monitoring,Brody Leveille,Active,930.4,0,2022-04-12,
Rectifier Monitoring - Med River/Leafland,796,InPlay Oil Corp.,Rectifier Monitoring,Brody Leveille,Active,2791.2,0,2022-04-12,
Rectifier Monitoring - Willesden Green Field,795,Entrada Resources Inc.,Rectifier Monitoring,Brody Leveille,Active,1156.98,0,2022-04-12,
Rectifier Monitoring - Southern Cardium Field,788,Bonavista Energy Corporation,Rectifier Monitoring,Brody Leveille,Active,3520,0,2022-09-12,
Rectifier Monitoring - Garrington/Ricinus/Lanaway,782,Bonavista Energy Corporation,Rectifier Monitoring,Brody Leveille,Active,10814.17,0,2022-04-12,
Rectifier Monitoring - Strachan,781,Bonavista Energy Corporation,Rectifier Monitoring,Brody Leveille,Active,269.36,0,2022-04-12,
Rectifier Monitoring - Gilby Area,779,Journey Energy Inc.,Rectifier Monitoring,Brody Leveille,Active,385.66,0,2022-10-17,
Rectifier Monitoring - Sundre Field,771,Certus Oil & Gas Inc.,Rectifier Monitoring,Brody Leveille,Active,3081.95,0,2022-09-20,
Rectifier Monitoring - Rimbey,760,Bonavista Energy Corporation,Rectifier Monitoring,Brody Leveille,Active,1616.16,53.72,2022-04-11,
Rectifier Monitoring - Cardium E Field,758,Bonavista Energy Corporation,Rectifier Monitoring,Brody Leveille,Active,2558.6,32.64,2022-04-11,
Rectifier Monitoring - Cynthia West,753,Obsidian Energy Ltd.,Rectifier Monitoring,Mike Roberts,Active,0,1300,2022-04-29,
Rectifier Monitoring - Wolf Creek,727,Obsidian Energy Ltd.,Rectifier Monitoring,Mike Roberts,Active,0,195,2022-04-26,
Rectifier Monitoring - Violet Grove,726,Obsidian Energy Ltd.,Rectifier Monitoring,Mike Roberts,Active,0,1170,2022-04-26,
Rectifier Monitoring - Rat Creek,725,Obsidian Energy Ltd.,Rectifier Monitoring,Mike Roberts,Active,0,715,2022-04-26,
Rectifier Monitoring - Pilot,724,Obsidian Energy Ltd.,Rectifier Monitoring,Mike Roberts,Active,0,1040,2022-04-26,
Rectifier Monitoring - Panorama,722,Obsidian Energy Ltd.,Rectifier Monitoring,Mike Roberts,Active,0,1755,2022-04-26,
Rectifier Monitoring - Paddy Creek,721,Obsidian Energy Ltd.,Rectifier Monitoring,Mike Roberts,Active,0,2730,2022-04-26,
Rectifier Monitoring - Cynthia South,720,Obsidian Energy Ltd.,Rectifier Monitoring,Mike Roberts,Active,0,585,2022-04-26,
Rectifier Monitoring - Cynthia East,718,Obsidian Energy Ltd.,Rectifier Monitoring,Mike Roberts,Active,0,1300,2022-04-26,
Rectifier Monitoring - Carrot Creek,717,Obsidian Energy Ltd.,Rectifier Monitoring,Mike Roberts,Planned,0,325,2022-04-26,
Rectifier Monitoring - Tomahawk,716,Obsidian Energy Ltd.,Rectifier Monitoring,Mike Roberts,Active,0,390,2022-04-26,
Rectifier Monitoring - Bigoray Nisku,715,Obsidian Energy Ltd.,Rectifier Monitoring,Mike Roberts,Active,0,585,2022-04-26,
Rectifier Monitoring - Bear Lake,714,Obsidian Energy Ltd.,Rectifier Monitoring,Mike Roberts,Active,0,390,2022-04-26,
Rectifier Monitoring - Rose Creek,713,Obsidian Energy Ltd.,Rectifier Monitoring,Mike Roberts,Active,0,780,2022-04-26,
Rectifier Monitoring - Mountainview,712,Obsidian Energy Ltd.,Rectifier Monitoring,Mike Roberts,Active,0,585,2022-04-26,
Rectifier Monitoring - Moon Lake,711,Obsidian Energy Ltd.,Rectifier Monitoring,Mike Roberts,Active,0,390,2022-04-26,
Rectifier Monitoring - Lodgepole,710,Obsidian Energy Ltd.,Rectifier Monitoring,Mike Roberts,Active,0,2145,2022-04-26,
Rectifier Monitoring - Lobstick Glauc Unit,709,Obsidian Energy Ltd.,Rectifier Monitoring,Mike Roberts,Active,0,130,2022-04-26,
Rectifier Monitoring - Lobstick Cardium Unit,708,Obsidian Energy Ltd.,Rectifier Monitoring,Mike Roberts,Active,0,2470,2022-04-26,
Rectifier Monitoring - Easyford,707,Obsidian Energy Ltd.,Rectifier Monitoring,Mike Roberts,Active,0,650,2022-04-26,
Rectifier Monitoring - Bigoray,705,Obsidian Energy Ltd.,Rectifier Monitoring,Mike Roberts,Active,0,1755,2022-05-09,
Del Bonita 03-30-01-21 W4M,702,RockEast Energy Corporation,Annual Survey,Brody Leveille,Survey Complete,1230,1424.55,2022-04-06,
Mankota 13-10-05-08 W3M (Sask),701,North American Helium,Annual Survey,Brody Leveille,Survey Complete,2130,9272.31,2022-04-12,
Consul 05-36-03-27 W3M,700,North American Helium,Annual Survey,Brody Leveille,Survey Complete,582,4139.51,2022-04-12,
Rainbow Lake Cathodic Protection,697,Cenovus Energy Inc.,Annual Survey,Andrew Reader,Active,0,77126.95,2023-03-01,
Stettler,696,Tykewest Limited,Annual Survey,Brody Leveille,Survey Complete,1160,1464.5,2022-03-29,05-03-2022 12:57:18
Kaybob AC Mitigation Install,695,CNRL,Installation,Mike Roberts,Active,1020,13510.21,2022-04-05,
Non-Billable Work,691,Corrosion Technologies (Internal),Internal,Andrew Reader,Planned,0,0,2023-12-29,
Weekly Travel/Accommodations,689,Corrosion Technologies (Internal),Internal,Melissa MacDougall,Planned,0,0,2023-01-28,
Big Bend Facilities 13-36-66-27 W4M,680,Sabre Energy Ltd,Annual Survey,Mike Roberts,Survey Complete,0,1610,2022-03-14,
Rectifier Runs 2022,678,Corrosion Technologies (Internal),Internal,Andrew Reader,Active,90560.5,44591.72,2023-01-02,
Cenovus Rainbow Lake,677,Corrosion Technologies (Internal),Internal,Andrew Reader,Active,202180,85928.95,2023-03-02,12-17-2022 10:00:00
WCAB Brazeau 12-19-45-11 W5,674,Whitecap Resources Inc.,Annual Survey,Mike Roberts,Survey Complete,1945.5,3857.79,2022-11-15,
Westward Ho - Red Lodge 11-23-34-02 W5,673,Whitecap Resources Inc.,Annual Survey,Brody Leveille,Survey Complete,930,1362.5,2023-01-13,
Verlo 05-27-16-19 W3,672,Whitecap Resources Inc. (SK),Annual Survey,Brody Leveille,Survey Complete,1844,5580.4,2022-11-15,
Olds - Irricana Lone Pine 07-35-30-29 W4,671,Whitecap Resources Inc.,Annual Survey,Brody Leveille,Survey Complete,1556,3406.64,2022-07-15,
South Ricinus 15-16-35-08 W5,670,Shale Petroleum Ltd.,Annual Survey,Brody Leveille,Planned,0,1100,2023-01-28,
Garrington Lanaway -15-34-35-03 W5,669,Whitecap Resources Inc.,Annual Survey,Brody Leveille,Survey Complete,1844,2847.5,2022-08-15,
Lucky Hills 16-16-30-24 W3,668,Whitecap Resources Inc. (SK),Annual Survey,Brody Leveille,Survey Complete,3610,5871.9,2022-05-16,
Westward Ho - Harmattan West 07-06-32-05 W5,667,Whitecap Resources Inc.,Annual Survey,Brody Leveille,Survey Complete,1420,2390,2022-08-15,
East Cantaur 11-17-16-16 W3,666,Whitecap Resources Inc. (SK),Annual Survey,Brody Leveille,Survey Complete,4300,9042.1,2022-05-16,
Pembina 04-18-50-09 W5,665,Ridgeback Resources Inc.,Annual Survey,Mike Roberts,Active,772.5,806.25,2022-11-15,
Gull Lake North 02-26-13-19 W3,664,Whitecap Resources Inc. (SK),Annual Survey,Brody Leveille,Survey Complete,3502,12814.42,2022-05-16,
Beauvallon 02-36-54-08 W4,663,Whitecap Resources Inc.,Annual Survey,Mike Roberts,Survey Complete,625,955,2022-07-15,
Carson Creek 01-03-61-11 W4,662,Razor Energy Corp.,Annual Survey,Mike Roberts,Survey Complete,1492.5,2753.35,2022-12-16,
Fosterton Main 01-10-17-18 W3,661,Whitecap Resources Inc. (SK),Annual Survey,Brody Leveille,Survey Complete,3076,7028.5,2022-11-15,
Westward Ho - Harmattan 06-15-33-03 W5,660,Whitecap Resources Inc.,Annual Survey,Brody Leveille,Survey Complete,4742,5277.48,2022-09-15,
Innisfail 15-16-35-01 W4,659,Whitecap Resources Inc.,Annual Survey,Brody Leveille,Survey Complete,1138,1576.3,2022-09-15,
North Twining 06-31-32-24 W4,657,Pine Cliff Energy Ltd.,Annual Survey,Brody Leveille,Survey Complete,2630,2616.17,2022-07-15,
Lochend 03-20-27-03 W5,656,Whitecap Resources Inc.,Annual Survey,Brody Leveille,Survey Complete,4914,4980,2022-09-15,
WCAB Pine Creek  - 03-25-54-18 W5,655,Whitecap Resources Inc.,Annual Survey,Mike Roberts,Survey Complete,530,1101.32,2022-06-15,
Success South 10-26-16-16 W3,654,Whitecap Resources Inc. (SK),Annual Survey,Brody Leveille,Survey Complete,2082,4120.14,2022-11-15,
Stettler FTI,652,Tykewest Limited,Annual Survey,Brody Leveille,Planned,0,550,2023-01-28,
Eagle Lake 11-09-31-21 W3M,651,Whitecap Resources Inc. (SK),Annual Survey,Brody Leveille,Survey Complete,5172,12782.4,2022-06-15,
Strachan 14-17-38-10 W5,650,Sogar Resources Ltd.,Annual Survey,Brody Leveille,Survey Complete,1662.5,1622.5,2022-12-16,
Spirit River 08-34-77-06 W6,649,Tourmaline Oil Corporation,Annual Survey,Mike Roberts,Survey Complete,3400,5191.72,2022-08-15,
Cochrane/ Lochend 02-24-26-04 W5,648,Ridgeback Resources Inc.,Annual Survey,Brody Leveille,Survey Complete,395,945,2022-09-15,
WCAB Kaybob - 04-01-60-20 W5,647,Whitecap Resources Inc.,Annual Survey,Mike Roberts,Survey Complete,2300,4481,2022-06-15,
Lucky Hills 16-35-29-24 W3,646,Whitecap Resources Inc. (SK),Annual Survey,Brody Leveille,Survey Complete,1360,2004.4,2022-06-15,
Rainier 16-35-16-16 W4,644,Success Resources Ltd.,Annual Survey,Mike Roberts,Survey Complete,710,1457.5,2022-05-16,
Garrington Lanaway - Markerville 14-14-35-03 W5,643,Whitecap Resources Inc.,Annual Survey,Brody Leveille,Survey Complete,433,642.5,2022-08-15,
Quaich 13-34-08-02 W5,642,Tamarack Valley Energy Ltd.,Annual Survey,Brody Leveille,Planned,0,2200,2023-01-28,
Olds - Harmattan East 11-15-31-03 W5,641,Whitecap Resources Inc.,Annual Survey,Brody Leveille,Survey Complete,1770,2747.5,2022-09-15,
Wedge 05-07-62-06 W5,640,Tallahassee Exploration Inc.,Annual Survey,Brody Leveille,Planned,0,1400,2023-01-28,
Pollockville 16-31-25-11 W4,639,Success Resources Ltd.,Annual Survey,Mike Roberts,Survey Complete,682,1617.5,2022-05-16,
WCAB Kaybob - 05-08-60-20 W5,638,Whitecap Resources Inc.,Annual Survey,Mike Roberts,Survey Complete,1165,1935.4,2022-06-15,
Poplar View Water Cooperative 09-30-24-02 W5,637,Poplar View Water Co-operative Ltd.,Annual Survey,Andrew Reader,Survey Complete,3360,2280,2022-09-15,
Redwater NGL 16-01-56-22 W4,636,Pembina Infrastructure and Logistics LP,Annual Survey,Mike Roberts,Survey Complete,54570,59180,2022-11-15,
Carrot Creek 08-33-51-11 W5,635,Journey Energy Inc.,Annual Survey,Mike Roberts,Active,1585,3287.62,2022-09-15,
Joffre 11-33-37-26 W4,634,Vantage Point Resources Inc.,Annual Survey,Brody Leveille,Survey Complete,2080,3022.5,2022-10-14,
Beverly West 10-13-15-17 W3,633,Whitecap Resources Inc. (SK),Annual Survey,Brody Leveille,Survey Complete,5512,13447.23,2022-05-16,
Solomon 08-28-52-01 W6,632,Petrus Resources Ltd.,Annual Survey,Mike Roberts,Survey Complete,1607.5,3496.15,2022-10-14,
Bone Creek 10-27-10-19 W3,631,Whitecap Resources Inc. (SK),Annual Survey,Brody Leveille,Survey Complete,1952,5401.68,2022-11-15,
Carrot Creek 08-36 & Edson 12-15-53-15 W5,630,Westbrick Energy Ltd.,Annual Survey,Mike Roberts,Survey Complete,7150,11125.57,2022-05-16,
Lucky Hills 01-29-30-23 W3,629,Whitecap Resources Inc. (SK),Annual Survey,Brody Leveille,Survey Complete,1930,4517.07,2022-06-15,
Edson North 16-23-54-17 W5,627,Westbrick Energy Ltd.,Annual Survey,Mike Roberts,Survey Complete,9270,19787.83,2022-06-15,
Lobstick Glauc Unit 09-17-50-07 W5,626,Obsidian Energy Ltd.,Annual Survey,Mike Roberts,Survey Complete,4500,9060,2023-01-13,
Gull Lake West 10-28-13-19 W3,624,Whitecap Resources Inc. (SK),Annual Survey,Brody Leveille,Survey Complete,4564,8075.73,2022-09-15,
Water supply Line,623,Town of Stettler,Annual Survey,Brody Leveille,Survey Complete,990,1730,2022-09-15,
Drayton Valley 03-18-48-10 W5,622,Ridgeback Resources Inc.,Annual Survey,Mike Roberts,Survey Complete,682.5,1030,2022-10-14,
Coleville 03-35-30-24 W3,620,Whitecap Resources Inc. (SK),Annual Survey,Brody Leveille,Survey Complete,490,1521,2022-06-15,
Bench Voluntary 15-11-11-19 W3,619,Whitecap Resources Inc. (SK),Annual Survey,Brody Leveille,Survey Complete,620,2858.79,2022-11-15,
Judy Creek 01-21-63-11 W5,618,Razor Energy Corp.,Annual Survey,Mike Roberts,Survey Complete,1417.5,2452.39,2022-12-16,
Dodsland 12-24-31-22 W3,617,Whitecap Resources Inc. (SK),Annual Survey,Brody Leveille,Survey Complete,920,2332.93,2022-11-15,
Brazeau 01-01-45-12 W5,616,Westbrick Energy Ltd.,Annual Survey,Brody Leveille,Survey Complete,170,6556.23,2022-04-14,
Winfield FTI,615,Resourceful Petroleum Canada Ltd.,Annual Survey,Brody Leveille,Survey Complete,1052,7441.68,2022-11-15,
Chain 06-11-33-18 W4,614,Tallahassee Exploration Inc.,Annual Survey,Brody Leveille,Planned,0,3750,2023-01-28,
Success 06-10-17-16 W3,613,Whitecap Resources Inc. (SK),Annual Survey,Brody Leveille,Survey Complete,1742,3110.81,2022-11-15,
East - West 02-15-34-08 W5,611,Pieridae Energy Ltd.,Annual Survey,Andrew Reader,Survey Complete,3940,4902.6,2022-09-15,
Columbia 04-06-47-12 W5,610,Westbrick Energy Ltd.,Annual Survey,Brody Leveille,Survey Complete,11810,10413.87,2022-07-15,
Enchant/Little Bow 01-17-14-15 W4,609,Tamarack Valley Energy Ltd.,Annual Survey,Mike Roberts,Survey Complete,850,1405,2022-12-16,
Columbia Peco 11-19-46-14 W5,608,Westbrick Energy Ltd.,Annual Survey,Brody Leveille,Survey Complete,980,1194.63,2022-07-15,
Badger 09-04-41-11 W5M,607,Westbrick Energy Ltd.,Annual Survey,Brody Leveille,Survey Complete,0,845.61,2022-04-14,
Swan Hills 02-36-67-10 W5,606,Razor Energy Corp.,Annual Survey,Mike Roberts,Active,0,1080,2022-12-16,
WCG - Tay 03-05-37-10 W5,605,Pieridae Energy Ltd.,Annual Survey,Andrew Reader,Survey Complete,2280,3448.35,2022-09-15,
Twining 14-26-32-25 W4,604,Shot Point Resources Ltd.,Annual Survey,Brody Leveille,Planned,0,1065,2023-01-28,
South Warwick 10-18-53-14 W4,603,Warwick Gas Storage LP,Annual Survey,Mike Roberts,Survey Complete,912.5,2315,2022-11-17,
Blackstone 11-19-45-15 W5,602,ORLEN Upstream Canada Ltd.,Annual Survey,Mike Roberts,Active,1140,2175.02,2022-09-15,
Westward Ho - Garrington 04-15-34-03 W5,601,Whitecap Resources Inc.,Annual Survey,Brody Leveille,Survey Complete,358,770,2022-08-15,
McLeod River 16-36-55-15 W5,600,Westbrick Energy Ltd.,Annual Survey,Mike Roberts,Survey Complete,5555,10208.57,2022-06-15,
Mirage 04-20-79-07 W6,599,Tourmaline Oil Corporation,Annual Survey,Mike Roberts,Survey Complete,7190,14325.39,2022-09-15,
Columbia Minnow Lake 14-03-50-14 W5,598,Westbrick Energy Ltd.,Annual Survey,Brody Leveille,Survey Complete,1850,2624.28,2022-07-15,
Dodsland 12-21-31-21 W3,597,Whitecap Resources Inc. (SK),Annual Survey,Brody Leveille,Survey Complete,1372,3064.03,2022-06-15,
Whitelaw 01-36-81-02 W6,596,Tallahassee Exploration Inc.,Annual Survey,Mike Roberts,Survey Complete,1300,1419.47,2022-10-14,
Davey Lake 11-35-34-27 W4,594,Vantage Point Resources Inc.,Annual Survey,Brody Leveille,Survey Complete,1640,1607.5,2022-10-14,
Cremona 13-20-30-04 W5,593,Ridgeback Resources Inc.,Annual Survey,Brody Leveille,Survey Complete,1337.5,1947.5,2022-09-15,
Sugden 10-32 & Glendon 03-16-61-8 W4,592,Vantage Point Resources Inc.,Annual Survey,Brody Leveille,Survey Complete,4030,4835.55,2023-01-13,
Twining South 07-21-31-24 W4,590,Pine Cliff Energy Ltd.,Annual Survey,Brody Leveille,Survey Complete,1330,2173.5,2022-07-15,
Westward Ho Area - 07-08-33-04 W5,589,Whitecap Resources Inc.,Annual Survey,Brody Leveille,Survey Complete,10742,12075.79,2022-08-15,
Carrot Creek 08-36-51-14 W5,588,Pine Cliff Energy Ltd.,Annual Survey,Mike Roberts,Survey Complete,2970,7613.81,2022-05-16,
Sun Century FTI,587,Sun Century Petroleum Corporation,Annual Survey,Brody Leveille,Active,0,1515,2023-01-30,
Garrington Caroline 01-21-36-06/6-07-37-06/07-01-35-07 W5,586,Whitecap Resources Inc.,Annual Survey,Brody Leveille,Survey Complete,1823,4677.52,2022-09-15,
Garrington Lanaway 06-13-35-04 W5,584,Whitecap Resources Inc.,Annual Survey,Brody Leveille,Survey Complete,3212,4954.14,2022-08-15,
Viking 11-17-46-08 W4,583,Loyal Energy (Canada) Operating Ltd.,Annual Survey,Brody Leveille,Survey Complete,362.5,1860,2023-02-15,
Joffre 15-20-38-25 W4,582,Whitecap Resources Inc.,Annual Survey,Brody Leveille,Survey Complete,3970,4737.5,2022-09-15,
Bashaw 11-08-41-23 W4,581,McLand Resources Ltd.,Annual Survey,Brody Leveille,Survey Complete,1160,2340.49,2022-05-16,
Youngstown 06-25-31-10 W4,580,Marlboro Energy Ltd.,Annual Survey,Brody Leveille,Planned,0,2840,2023-01-28,
Ferrier 04-13-39-09 W5,579,ORLEN Upstream Canada Ltd.,Annual Survey,Brody Leveille,Active,3735,8051.17,2023-01-13,
Java 05-28-15-15 W3,578,Whitecap Resources Inc. (SK),Annual Survey,Brody Leveille,Survey Complete,2312,5028.49,2022-05-16,
Rose Creek 06-16-47-08 W5 (6 Rectifiers),576,Obsidian Energy Ltd.,Annual Survey,Mike Roberts,Survey Complete,3267,5733.49,2022-08-15,
Olds 03-18-32-01 W5,575,Whitecap Resources Inc.,Annual Survey,Brody Leveille,Active,12380,16940,2023-01-13,
Shantz 04-35-31-04 W5,574,Pieridae Energy Ltd.,Annual Survey,Andrew Reader,Survey Complete,2395,3102.5,2022-09-15,
Elnora Nisku 16-19-35-22 W4,573,Whitecap Resources Inc.,Annual Survey,Brody Leveille,Survey Complete,920,2142.5,2022-09-15,
Rimbey Gathering 10-33-43-01 W5,572,Keyera Partnership,Annual Survey,Brody Leveille,Survey Complete,2800,4605,2022-08-15,
Suffield 16-18-14-19 W3,571,Whitecap Resources Inc. (SK),Annual Survey,Brody Leveille,Survey Complete,4252,12542.06,2022-11-15,
Lethbridge Oil/Saltwater 08-17-08-22 W4,570,Tamarack Valley Energy Ltd.,Annual Survey,Brody Leveille,Survey Complete,2057.5,11331.91,2022-10-14,
Swift Current Hill 05-19-15-14 W3,569,Whitecap Resources Inc. (SK),Annual Survey,Brody Leveille,Survey Complete,824,1585.25,2022-05-16,
Three Hills,568,Rife Resources Ltd.,Annual Survey,Brody Leveille,Active,900,936.25,2023-02-22,
Ewing Lake 09-33-37-21 W4,567,Persist Oil & Gas Inc.,Annual Survey,Brody Leveille,Active,550,618.5,2022-12-16,
Lodgepole FTI,566,Westbrick Energy Ltd.,Annual Survey,Brody Leveille,Survey Complete,3090,3159.08,2022-07-15,
FTI - Red Deer Areas,565,Vantage Point Resources Inc.,Annual Survey,Brody Leveille,Survey Complete,1942.5,2695,2022-10-14,
Med-River Line 06-20-38-04 W5,564,Keyera Partnership,Annual Survey,Brody Leveille,Survey Complete,1060,2150,2022-08-15,
Thorsby 07-14-49-01 W5,563,Petrus Resources Ltd.,Annual Survey,Mike Roberts,Active,2717.5,3473.82,2022-10-14,
Fenn West 14-18-36-20 W4,562,Sun Century Petroleum Corporation,Annual Survey,Brody Leveille,Active,1255,1582,2023-01-13,
Rat Creek 11-22-49-12 W5 (4 rectifiers),561,Obsidian Energy Ltd.,Annual Survey,Mike Roberts,Survey Complete,2753.2,4482.99,2022-11-15,
Thorsby 13-14-48-01 W5,559,Spur Petroleum Ltd.,Annual Survey,Mike Roberts,Survey Complete,930,1223,2022-12-16,
WCAB Carrot Creek 01-28-52-13 W5,558,Whitecap Resources Inc.,Annual Survey,Mike Roberts,Survey Complete,770,2039.54,2022-05-16,
Harmattan 06-15-32-05 W5,557,Shale Petroleum Ltd.,Annual Survey,Brody Leveille,Planned,0,1100,2023-01-28,
Butte Voluntary 05-34-11-19 W3,556,Whitecap Resources Inc. (SK),Annual Survey,Brody Leveille,Survey Complete,4462,13463.73,2022-07-15,
Leedale 08-32-41-04 W5,555,New North Resources Ltd.,Annual Survey,Brody Leveille,Active,2880,4481,2023-02-15,
Kerrobert South 04-16-32-23 W3,554,Whitecap Resources Inc. (SK),Annual Survey,Brody Leveille,Survey Complete,490,1425.78,2022-05-16,
Twining North 06-16-32-24 W4,553,Pine Cliff Energy Ltd.,Annual Survey,Brody Leveille,Survey Complete,2190,3278.5,2022-07-15,
Whiteside 01-05-30-25 W3,552,Whitecap Resources Inc. (SK),Annual Survey,Brody Leveille,Survey Complete,3352,8460.01,2022-06-15,
West Milton 09-04-30-28 W3,551,Tamarack Valley Energy Ltd. (SK),Annual Survey,Brody Leveille,Planned,0,2100,2023-01-28,
Lodgepole 06-15-47-09 W5 (11 Rectifiers),550,Obsidian Energy Ltd.,Annual Survey,Mike Roberts,Survey Complete,9945,15195.61,2023-01-13,
Moon Lake 10-22-51-08 W5,548,Obsidian Energy Ltd.,Annual Survey,Mike Roberts,Survey Complete,1875,2881.43,2022-12-07,
Kipp Oil 06-10-08-22 W4,547,Tamarack Valley Energy Ltd.,Annual Survey,Brody Leveille,Survey Complete,482.5,3002.88,2022-10-14,
Rycroft 08-17-77-05 W6,546,Tourmaline Oil Corporation,Annual Survey,Mike Roberts,Survey Complete,2482.5,3712.92,2022-08-15,
Willesden Green East 10-16-42-06 W5,545,Westbrick Energy Ltd.,Annual Survey,Brody Leveille,Survey Complete,1488,2530.05,2022-04-14,
WCG - Clearwater 16-17-35-11 W5,544,Pieridae Energy Ltd.,Annual Survey,Andrew Reader,Survey Complete,5070,9827.88,2022-09-15,
Inland 08-25-51-16 W4,543,Rally Canada Resources Ltd.,Annual Survey,Brody Leveille,Survey Complete,1377.5,1550,2022-12-16,
Shadow 09-25-74-19 W5,542,Vantage Point Resources Inc.,Annual Survey,Mike Roberts,Survey Complete,1215,2898.04,2022-08-15,
Berwyn 06-21-81-25 W5,541,Tourmaline Oil Corporation,Annual Survey,Mike Roberts,Survey Complete,655,1389.47,2022-08-15,
Gull Lake Gas Plant 05-09-14-19 W3,540,Whitecap Resources Inc. (SK),Annual Survey,Brody Leveille,Survey Complete,790,1500.54,2022-11-15,
WCAB Kaybob 14-04-59-19 W5,539,Whitecap Resources Inc.,Annual Survey,Mike Roberts,Survey Complete,2170,2581.22,2022-06-15,
Garrington/Sylvan/Ferrier FTI,538,Ridgeback Resources Inc.,Annual Survey,Brody Leveille,Survey Complete,2865,4906.25,2022-09-15,
Lochend -Cremona 01-16-31-04 W5,536,Whitecap Resources Inc.,Annual Survey,Brody Leveille,Survey Complete,852,1267.5,2022-08-15,
Rat Creek 05-22-47-11 W5/Peco 16-28-48-14 W5,535,Obsidian Energy Ltd.,Annual Survey,Mike Roberts,Survey Complete,960,1876.25,2022-11-15,
North Ricinus FTI,533,Shale Petroleum Ltd.,Annual Survey,Brody Leveille,Planned,0,550,2023-01-28,
Eckville 06-12-39-03 W5,532,New North Resources Ltd.,Annual Survey,Brody Leveille,Active,1080,1372,2023-02-15,
Tirol Gas Co-op,531,Tirol Gas Co-op Limited,Annual Survey,Brody Leveille,Planned,0,1100,2023-01-28,
Tangent 16-20-80-24 W5,530,Tourmaline Oil Corporation,Annual Survey,Mike Roberts,Survey Complete,1735,3729.39,2022-08-15,
Westward Ho - Garrington Central 14-07-34-03 W5,529,Whitecap Resources Inc.,Annual Survey,Brody Leveille,Survey Complete,3430,4417.5,2022-08-15,
Swan Hills 10-32-67-09 W5,528,Razor Energy Corp.,Annual Survey,Mike Roberts,Active,5630,11732.15,2022-12-16,
Twining 06-28-30-23 W4,527,Pine Cliff Energy Ltd.,Annual Survey,Brody Leveille,Survey Complete,4092.5,4232.5,2022-12-16,
Westward Ho - Garrington East 11-17-34-03 W5,526,Whitecap Resources Inc.,Annual Survey,Brody Leveille,Survey Complete,1852.5,2277.5,2022-08-15,
Angus Valley 02-08-12-18 W3,525,Whitecap Resources Inc. (SK),Annual Survey,Brody Leveille,Survey Complete,1734,6273.45,2022-07-15,
Grande Prairie - Hythe 13-09-74-11 W6,524,Tykewest Limited,Annual Survey,Mike Roberts,Planned,0,710,2023-01-28,
WCAB Rosevear 01-24-54-16 W5,523,Whitecap Resources Inc.,Annual Survey,Mike Roberts,Survey Complete,3415,6632.86,2022-06-15,
Pembina Keystone 16-03-47-03 W5,522,InPlay Oil Corp.,Annual Survey,Brody Leveille,Survey Complete,1054,1345,2022-07-15,
Berwyn 08-36-82-26 W6,521,Long Run Exploration Ltd.,Annual Survey,Brody Leveille,Planned,0,1460,2023-01-28,
Cessford Burfield 04-15-27-15 W4,519,Marlboro Energy Ltd.,Annual Survey,Brody Leveille,Planned,0,4400,2023-01-28,
Kerrobert 01-31-32-23 W3,518,Whitecap Resources Inc. (SK),Annual Survey,Brody Leveille,Survey Complete,4988,16430.68,2022-05-16,
Olds - Swalwell 06-07-29-25 W4,517,Whitecap Resources Inc.,Annual Survey,Brody Leveille,Survey Complete,1861.25,2632.48,2022-07-15,
Webb 01-01-15-17 W3,516,Whitecap Resources Inc. (SK),Annual Survey,Brody Leveille,Survey Complete,2430,5571.59,2022-05-16,
Chinook (Judy Creek) 06-32-64-12 W5,515,Razor Energy Corp.,Annual Survey,Mike Roberts,Active,2360,4803.71,2022-12-16,
Lodgepole PCU #7 04-08-47-09 W5,514,InPlay Oil Corp.,Annual Survey,Brody Leveille,Survey Complete,2022,3161.32,2022-11-15,
Alhambra 07-23-37-06 W5,513,Sogar Resources Ltd.,Annual Survey,Brody Leveille,Survey Complete,1100,1885,2022-12-16,
Pigeon Lake Knobhill 02-35-46-02 W5,512,InPlay Oil Corp.,Annual Survey,Brody Leveille,Survey Complete,3782,4788,2022-07-15,
Sunnybrook 15-22-48-02 W5,511,Petrus Resources Ltd.,Annual Survey,Mike Roberts,Survey Complete,2537.5,2976.1,2022-10-14,
Rimbey 11-35-43-01 W5,510,Sun Century Petroleum Corporation,Annual Survey,Brody Leveille,Active,955,1263.86,2023-01-30,
Cynthia FTI 16-18-51-11 W5M,509,InPlay Oil Corp.,Annual Survey,Brody Leveille,Survey Complete,720,1563.75,2022-07-15,
Lucky Hills 04-26-29-24 W3,508,Whitecap Resources Inc. (SK),Annual Survey,Brody Leveille,Survey Complete,1890,3917.05,2022-06-15,
Wayne - Rosedale 01-20-28-21 W4,507,Persist Oil & Gas Inc.,Annual Survey,Brody Leveille,Survey Complete,1785,3269.14,2022-11-15,
Westward Ho - Garrington South 08-21-33-03 W5,506,Whitecap Resources Inc.,Annual Survey,Brody Leveille,Survey Complete,960,1310,2022-09-15,
Lucky Hills 04-28-30-24 W3,505,Whitecap Resources Inc. (SK),Annual Survey,Brody Leveille,Survey Complete,1090,1753.79,2022-05-16,
North Hoosier 13-21-32-27 W3,504,Tamarack Valley Energy Ltd. (SK),Annual Survey,Brody Leveille,Planned,0,3775,2023-01-28,
Scollard 16-30-34-20 W4,503,Tallahassee Exploration Inc.,Annual Survey,Brody Leveille,Planned,0,2022,2023-01-28,
Carrot Creek 02-26-52-12 W5,502,Journey Energy Inc.,Annual Survey,Mike Roberts,Survey Complete,6272.5,6797.88,2022-10-14,
Cynthia South  (3 rectifiers),501,Obsidian Energy Ltd.,Annual Survey,Mike Roberts,Survey Complete,2338,1316.25,2022-05-16,
"Kindersley FTI Coleville, Hoosier, Unity",500,Griffon Partners,Annual Survey,Brody Leveille,Planned,0,17505,2023-01-28,
Westward Ho 02-22-34-05 W5,499,New North Resources Ltd.,Annual Survey,Brody Leveille,Active,750,726,2023-02-16,
Bigoray Nisku 02-06-50-09 W5 (4 rectifiers),498,Obsidian Energy Ltd.,Annual Survey,Mike Roberts,Survey Complete,4529.5,11977.97,2022-09-15,
Berrymoor 05-30-49-03 W5,497,Journey Energy Inc.,Annual Survey,Mike Roberts,Survey Complete,2455,3460,2022-12-16,
Bear Lake 06-22-50-09 W5,496,Obsidian Energy Ltd.,Annual Survey,Mike Roberts,Survey Complete,1612.5,2150,2022-09-15,
Westward Ho - East Garrington 16-32-33-05 W5,495,Whitecap Resources Inc.,Annual Survey,Brody Leveille,Survey Complete,875,1439.7,2022-08-15,
Windy Lake 09-02-40-09 W4,494,RockEast Energy Corporation,Annual Survey,Brody Leveille,Planned,0,2177,2023-01-28,
Pembina Keystone Cardium 12-31-48-04 W5,493,Journey Energy Inc.,Annual Survey,Mike Roberts,Survey Complete,2030,2332.99,2022-12-16,12-01-2022 11:02:00
Kakut West 14-12-75-03 W6,492,Long Run Exploration Ltd.,Annual Survey,Brody Leveille,Planned,0,3950,2023-01-28,
Lookout Butte 04-13-02-29 W4,491,Loyal Energy (Canada) Operating Ltd.,Annual Survey,Brody Leveille,Survey Complete,2557.5,3638.81,2022-08-15,
Lucky Hills 16-27-30-24 W3,490,Whitecap Resources Inc. (SK),Annual Survey,Brody Leveille,Survey Complete,730,2486.83,2022-06-15,
Kerrobert 02-24-32-23 W3,489,Whitecap Resources Inc. (SK),Annual Survey,Brody Leveille,Survey Complete,1084,2118.8,2022-05-16,
Seward 12-07-15-15 W3,488,Whitecap Resources Inc. (SK),Annual Survey,Brody Leveille,Survey Complete,926,1932.62,2022-05-16,
Pembina 07-19-49-10 W5,487,Westbrick Energy Ltd.,Annual Survey,Brody Leveille,Survey Complete,1490,2347.34,2022-07-15,
Delburne 10-08-37-23 W4,486,Sun Century Petroleum Corporation,Annual Survey,Brody Leveille,Active,3920,8469.57,2023-01-13,
Mulligan 16-29-82-09 W6,485,Long Run Exploration Ltd.,Annual Survey,Brody Leveille,Planned,0,875,2023-01-28,
Bashaw 07-04-43-23 W4,484,Vantage Point Resources Inc.,Annual Survey,Brody Leveille,Survey Complete,580,1011.67,2022-10-14,
Leahurst 14-34-37-18 W4,483,Rally Canada Resources Ltd.,Annual Survey,Brody Leveille,Survey Complete,760,2904.86,2022-12-16,
Garrington Main 01-26-35-05 W5M,482,Whitecap Resources Inc.,Annual Survey,Brody Leveille,Survey Complete,8737.5,12777.5,2022-09-15,
Kneehill 08-32-35-26 W4,481,Vantage Point Resources Inc.,Annual Survey,Brody Leveille,Survey Complete,3250,4718.52,2022-10-14,
Westward Ho - Garrington 11-15-34-05 W5,480,Whitecap Resources Inc.,Annual Survey,Brody Leveille,Survey Complete,395,545,2022-09-15,
Galahad 16-23-41-14 W4,479,Rally Canada Resources Ltd.,Annual Survey,Brody Leveille,Survey Complete,1500,2212.96,2022-12-16,
Purple Springs 03-34-10-15 W4,477,Shot Point Resources Ltd.,Annual Survey,Mike Roberts,Survey Complete,212.5,722.5,2022-10-14,
Lone Pine 04-07-31-27 W4,476,Transglobe Energy Corp.,Annual Survey,Brody Leveille,Survey Complete,1020,2177.5,2022-10-14,
WCG - Limestone 05-12-33-10 W5,475,Pieridae Energy Ltd.,Annual Survey,Andrew Reader,Survey Complete,10372.5,12991.62,2022-09-15,
Cairo 02-25-38-09 W5,474,Petrus Resources Ltd.,Annual Survey,Brody Leveille,Survey Complete,2750,5562.81,2022-09-15,
Rycroft 08-25-77-06 W6,473,Tourmaline Oil Corporation,Annual Survey,Mike Roberts,Survey Complete,3060,5367.71,2022-08-15,
Sturgeon Lake South 13-07-69-24 W5,472,Whitecap Resources Inc.,Annual Survey,Mike Roberts,Survey Complete,4632.5,8511.36,2022-09-15,
Fosterton 10-29-16-18 W3,471,Whitecap Resources Inc. (SK),Annual Survey,Brody Leveille,Survey Complete,1266,2732.39,2022-11-15,
Todd Creek 13-34-08-02 W4,470,Tamarack Valley Energy Ltd.,Annual Survey,Brody Leveille,Survey Complete,618,2838.25,2022-10-14,
Nevis 07-22-38-22 W4,468,Sun Century Petroleum Corporation,Annual Survey,Brody Leveille,Active,825,967.5,2023-01-13,
Blood Gas 16-35-06-22 W4,467,Tamarack Valley Energy Ltd.,Annual Survey,Brody Leveille,Survey Complete,3092.5,4010.99,2022-10-14,
Westward Ho - Bearberry 05-30-33-07 W5,466,Whitecap Resources Inc.,Annual Survey,Brody Leveille,Survey Complete,460,1047.5,2022-08-15,
Clearhills/Clear Prairie 10-08-88-12 W6,465,ORLEN Upstream Canada Ltd.,Annual Survey,Mike Roberts,Survey Complete,1410,2804.27,2022-12-16,
Berry 02-04-27-13 W4,464,Success Resources Ltd.,Annual Survey,Mike Roberts,Survey Complete,2562,5678.21,2022-05-16,
Willesden Green Operated,463,Whitecap Resources Inc.,Annual Survey,Brody Leveille,Survey Complete,1335,2087.5,2022-09-15,
Nevis 13-08-38-22 W4,461,Just Freehold Energy Corp.,Annual Survey,Brody Leveille,Survey Complete,1780,2624.38,2022-12-16,
Nevis 14-16-39-22 W4,460,Just Freehold Energy Corp.,Annual Survey,Brody Leveille,Survey Complete,1755,2364.65,2022-12-16,
Garrington Lanaway - Kevisville Sales Line 08-24-36-04 W5,459,Whitecap Resources Inc.,Annual Survey,Brody Leveille,Survey Complete,522.5,1172.5,2022-08-15,
Lochend & FTI 05-11-29-04 W5,458,ORLEN Upstream Canada Ltd.,Annual Survey,Brody Leveille,Survey Complete,2915,4087.5,2022-09-15,
Westward Ho - Garrington 03-12-35-03 W5,457,Whitecap Resources Inc.,Annual Survey,Brody Leveille,Survey Complete,960,1400,2022-08-15,
Kerrobert South 01-20-32-23 W3,456,Whitecap Resources Inc. (SK),Annual Survey,Brody Leveille,Survey Complete,744,1597.5,2022-05-16,
Byemoor 03-32-34-18 W4,455,Persist Oil & Gas Inc.,Annual Survey,Mike Roberts,Survey Complete,1335,2272.5,2022-08-15,
Willesden Green 14-05-45-09 W5,454,Westbrick Energy Ltd.,Annual Survey,Brody Leveille,Survey Complete,0,3026.7,2022-11-02,
Eaglesham 01-25-76-01 W6,453,Long Run Exploration Ltd.,Annual Survey,Brody Leveille,Planned,0,2960,2023-01-28,
Open Creek Area 06-24-41-06 W5,451,Obsidian Energy Ltd.,Annual Survey,Brody Leveille,Survey Complete,3740,5850.64,2022-10-14,
Mooney 06-18-72-07 W5,450,IPC Canada Ltd.,Annual Survey,Mike Roberts,Survey Complete,340,5158,2022-03-18,
Harmattan 09-12-31-03 W5,449,Transglobe Energy Corp.,Annual Survey,Brody Leveille,Survey Complete,3436,6459.13,2022-10-14,
Forty Mile 16-08-07-10 W4,448,Tamarack Valley Energy Ltd.,Annual Survey,Brody Leveille,Survey Complete,910,1366.45,2022-10-14,
Gilby 15-22-40-03 W5,447,Keyera Partnership,Annual Survey,Brody Leveille,Survey Complete,1800,4015,2022-08-15,
Willesden Green 05-14-39-05 W5,446,Keyera Partnership,Annual Survey,Brody Leveille,Survey Complete,4415,6047.5,2022-08-15,
Mannville 04-27-50-09 W4M,445,Perpetual Energy Inc.,Annual Survey,Mike Roberts,Survey Complete,7167.5,5486.59,2022-11-15,
Lobstick Cardium Unit 14-03-50-07 W5 (12 rectifiers),444,Obsidian Energy Ltd.,Annual Survey,Mike Roberts,Survey Complete,4673.2,8750.6,2023-02-15,
Three Hills 04-33-31-23 W4,443,Pine Cliff Energy Ltd.,Annual Survey,Brody Leveille,Survey Complete,3200,4992.92,2022-07-15,
Pilot 06-01-49-09 W5 (8 rectifiers),442,Obsidian Energy Ltd.,Annual Survey,Mike Roberts,Survey Complete,4460,4017.2,2023-02-15,
Faraway (Red Deer) 05-36-42-07 W5,441,InPlay Oil Corp.,Annual Survey,Brody Leveille,Survey Complete,276,857.5,2022-10-14,
WCG - Ram 14-16-37-14 W5,439,Pieridae Energy Ltd.,Annual Survey,Andrew Reader,Survey Complete,2485,2557.16,2022-09-15,
West Pembina 15-10-49-12 W5,438,Ridgeback Resources Inc.,Annual Survey,Mike Roberts,Survey Complete,2647.5,4345,2022-11-16,
Swan Hills 10-12-67-11 W5,437,Razor Energy Corp.,Annual Survey,Mike Roberts,Active,0,2050,2022-12-16,
Three Hills 09-09-31-23 W4,436,DEL Canada GP Ltd.,Annual Survey,Brody Leveille,Planned,0,1860,2023-01-28,
Wilson Creek Pipeline & Extension 15-03-43-04 W5,435,Keyera Partnership,Annual Survey,Brody Leveille,Survey Complete,1640,3427.5,2022-08-15,
Ghostpine & Three Hills Anode Installs,434,Pine Cliff Energy Ltd.,Annual Survey,Brody Leveille,Survey Complete,3610,32545.01,2022-12-16,
Kerrobert Battery 03-27-32-23 W3,433,Whitecap Resources Inc. (SK),Annual Survey,Brody Leveille,Survey Complete,10312,28466.29,2022-05-16,
Trochu 11-07-33-23 W4,432,Pine Cliff Energy Ltd.,Annual Survey,Brody Leveille,Survey Complete,380,1627.5,2022-07-15,
Lucky Hills 14-04-30-24 W3,431,Whitecap Resources Inc. (SK),Annual Survey,Brody Leveille,Survey Complete,1290,2932.8,2022-06-15,
McLeod River 16-12-56-14 W5,430,Pine Cliff Energy Ltd.,Annual Survey,Brody Leveille,Survey Complete,5135,8510.54,2022-06-15,
Beverly East 07-28-15-16 W3,429,Whitecap Resources Inc. (SK),Annual Survey,Brody Leveille,Survey Complete,824,1808.33,2022-05-16,
Dodsland 13-11-32-20 W3,428,Whitecap Resources Inc. (SK),Annual Survey,Brody Leveille,Survey Complete,4576,16110.24,2022-05-16,
Meekwap 15-18-66-15 W5,426,N7 Energy Ltd.,Annual Survey,Mike Roberts,Active,3190,6759.59,2022-09-15,
Kipp Gas 05-33-08-22 W4,425,Tamarack Valley Energy Ltd.,Annual Survey,Brody Leveille,Survey Complete,4722.5,4410.07,2022-10-14,
Rumsey FTI,423,Pine Cliff Energy Ltd.,Annual Survey,Brody Leveille,Active,0,1680,2023-01-13,
Caroline 12-35-34-06 W5,420,Pieridae Energy Ltd.,Annual Survey,Andrew Reader,Survey Complete,9142.5,12582.43,2022-09-15,
Garrington 06-25-34-03 W5,419,Persist Oil & Gas Inc.,Annual Survey,Brody Leveille,Survey Complete,1257.5,2567.5,2022-09-15,
Dodsland 12-05-31-18 W3,417,Crescent Point Energy Corp. (SK),Annual Survey,Mike Roberts,Survey Complete,245,859.06,2022-06-15,
Avonhill 03-16-30-22 W3,415,Crescent Point Energy Corp. (SK),Annual Survey,Mike Roberts,Survey Complete,1060,2413.62,2022-06-15,
Open Creek 10-34-42-05 W5,414,i3 Energy Canada Ltd.,Annual Survey,Brody Leveille,Active,2930,2921.01,2022-10-14,
Mckee Lake 01-13-32-19 W4,413,Tallahassee Exploration Inc.,Annual Survey,Brody Leveille,Planned,0,4150,2023-01-28,
Wimborne 05-12-34-26 W4,412,Vantage Point Resources Inc.,Annual Survey,Brody Leveille,Survey Complete,4932.5,11059.96,2022-10-14,
Sweeney 04-32-89-12 W6,411,ORLEN Upstream Canada Ltd.,Annual Survey,Mike Roberts,Survey Complete,1615,2927.62,2022-12-16,
Cooking Lake 04-16-52-20 W4,410,Petrus Resources Ltd.,Annual Survey,Brody Leveille,Survey Complete,1100,1675,2022-04-14,
Carseland 16-21-22-25 W4,409,Persist Oil & Gas Inc.,Annual Survey,Brody Leveille,Survey Complete,4642.5,8380,2022-11-15,
Bashaw 02-09-41-23 W4,408,Rally Canada Resources Ltd.,Annual Survey,Brody Leveille,Survey Complete,4560,6010.02,2022-12-16,
Bowden Refinery 13-25-34-01 W5,407,Parkland Refining Ltd. (AB),Annual Survey,Brody Leveille,Survey Complete,1170,1855,2022-12-16,
Cynthia West 04-27-49-10 W5 (5 rectifiers),406,Obsidian Energy Ltd.,Annual Survey,Mike Roberts,Survey Complete,3486,4039.32,2023-01-13,
Kerrobert 10-14-33-24 W3,405,Proton Technologies Canada Inc.,Annual Survey,Brody Leveille,Planned,0,0,,
Ethane Pipeline 02-26-43-26 W4,404,Keyera Partnership,Annual Survey,Brody Leveille,Survey Complete,410,992.5,2022-08-15,
Strachan Op - West Strachan Area 07-32-37-09 W5,403,Whitecap Resources Inc.,Annual Survey,Brody Leveille,Survey Complete,3842.5,5312.5,2022-09-15,
Gilby 01-04-42-03 W5,402,Journey Energy Inc.,Annual Survey,Mike Roberts,Active,4217.5,4617.5,2022-11-15,
Carlos Pipeline 02-05-44-01 W5,401,Keyera Partnership,Annual Survey,Brody Leveille,Survey Complete,1270,2117.5,2022-08-15,
Just Freehold FTI,400,Just Freehold Energy Corp.,Annual Survey,Brody Leveille,Survey Complete,760,1664.65,2023-01-13,
Poplar Creek 16-09-47-03 W5,399,Journey Energy Inc.,Annual Survey,Mike Roberts,Survey Complete,1782.5,3310,2022-11-15,
Virginia Hills #2 11-08-65-12 W5,398,Razor Energy Corp.,Annual Survey,Mike Roberts,Active,0,1680,2022-12-16,
Delta 07-20-15-19 W3,397,Whitecap Resources Inc. (SK),Annual Survey,Brody Leveille,Survey Complete,2388,8001.9,2022-07-15,
Virginia Hills 03-02-65-13 W5,396,Razor Energy Corp.,Annual Survey,Mike Roberts,Active,0,7680,2022-12-16,
Olds - Irricana 12-12-29-27 W4,395,Whitecap Resources Inc.,Annual Survey,Brody Leveille,Survey Complete,3000,4287.64,2022-07-15,
Pakowki Lake 16-24-05-09 W4,394,Tamarack Valley Energy Ltd.,Annual Survey,Brody Leveille,Survey Complete,2567.5,3785.34,2022-10-14,
Blood Oil 06-02-08-22 W4,393,Tamarack Valley Energy Ltd.,Annual Survey,Brody Leveille,Survey Complete,720,3088.7,2022-10-14,
Wilson Creek 16-34-43-05 W5M,392,InPlay Oil Corp.,Annual Survey,Brody Leveille,Survey Complete,357,870,2022-07-15,
Birch FTI,391,ORLEN Upstream Canada Ltd.,Annual Survey,Brody Leveille,Active,1455,1960.5,2022-07-15,
Lacombe 13-13-40-26 W4,390,Just Freehold Energy Corp.,Annual Survey,Brody Leveille,Survey Complete,3450,5366.74,2022-12-16,
Westward Ho - Harmattan (Caroline) 14-04-33-04 W5,389,Whitecap Resources Inc.,Annual Survey,Brody Leveille,Survey Complete,605,1030,2022-08-15,
Girouxville Mclean Creek 08-23-76-22 W5,388,New Resources Ltd.,Annual Survey,,Planned,0,1030,2023-01-28,
Rapdan 16-02-05-20 W3,386,Crescent Point Energy Corp. (SK),Annual Survey,Mike Roberts,Survey Complete,1845,2264.78,2022-11-23,
Whitemud 03-21-05-20 W3,384,Crescent Point Energy Corp. (SK),Annual Survey,Mike Roberts,Active,1950,4506.55,2022-11-15,
Acheson 05-34-52-26 W4,383,InPlay Oil Corp.,Annual Survey,Brody Leveille,Survey Complete,1070,1325,2022-07-15,
Lindbergh 07-13-58-05 W5,382,Strathcona Resources Ltd.,Annual Survey,Mike Roberts,Survey Complete,6465,9905.99,2023-01-13,
Bench 06-08-11-18 W3,381,Whitecap Resources Inc. (SK),Annual Survey,Brody Leveille,Survey Complete,3552,10232.71,2022-07-15,
Warwick Gas Storage 01-18-53-14 W4,380,Warwick Gas Storage LP,Annual Survey,Mike Roberts,Survey Complete,580,830,2022-11-17,
Violet Grove 15-16-47-08 W5,379,Obsidian Energy Ltd.,Annual Survey,Mike Roberts,Survey Complete,2512.5,1177.5,2023-01-02,
Strathcona County Water System,378,Strathcona County,Annual Survey,Andrew Reader,Survey Complete,1950,10955.41,2022-07-15,
Cairo FTI,377,Petrus Resources Ltd.,Annual Survey,Brody Leveille,Survey Complete,2207.5,3243.41,2022-09-15,
Cynthia 10-31-50-11 W5,376,Joli Fou Petroleums Ltd.,Annual Survey,Mike Roberts,Survey Complete,600,1085,2023-01-13,
Westerose 06-01-46-02 W5,375,Journey Energy Inc.,Annual Survey,Mike Roberts,Survey Complete,845,1842.5,2022-11-15,
Devenish 02-30-74-08 W4,373,ISH Energy Ltd.,Annual Survey,Mike Roberts,Survey Complete,3289,11264.42,2022-04-14,
Innisfail 07-28-35-28 W4,372,Johns Manville Canada Inc.,Annual Survey,Brody Leveille,Survey Complete,190,400,2022-11-15,
Triassic Unit 1 & 2 04-29-62-20 W5,371,Razor Energy Corp.,Annual Survey,Mike Roberts,Active,6655,16149.93,2023-01-13,
Redwater 03-07-55-20 W4,370,Rally Canada Resources Ltd.,Annual Survey,Brody Leveille,Survey Complete,2255,2097.5,2022-12-16,
Whitecourt FTI,369,Razor Energy Corp.,Annual Survey,Mike Roberts,Survey Complete,1135,1809.14,2022-12-16,
Huxley 06-17-34-24 W4,366,Pine Cliff Energy Ltd.,Annual Survey,Brody Leveille,Survey Complete,12452.5,15445,2022-12-16,
Paddy Creek 06-11-48-10 W5 (16 rectifiers) - Anode Install,365,Obsidian Energy Ltd.,Annual Survey,Mike Roberts,Active,554,6958.16,2022-12-16,
Virginia Hills 04-12-66-13 W5,364,Crescent Point Energy Corp.,Annual Survey,Mike Roberts,Active,3770,5697.26,2022-07-15,
Faraway 05-13-43-07 W5,363,Obsidian Energy Ltd.,Annual Survey,Brody Leveille,Survey Complete,12312.5,20298.48,2022-10-14,
Easyford 16-03-50-08 W5 (4 Rectifiers),362,Obsidian Energy Ltd.,Annual Survey,Mike Roberts,Survey Complete,2887.5,5170.45,2022-09-15,
Swan Hills 12-36-64-10 W5,361,Crescent Point Energy Corp.,Annual Survey,Mike Roberts,Survey Complete,4590,9210.5,2022-07-15,
FTI - Twp 430,360,Journey Energy Inc.,Annual Survey,Mike Roberts,Survey Complete,2035,3955,2022-12-16,
Westerose 09-06-46-02 W5,359,Journey Energy Inc.,Annual Survey,Brody Leveille,Survey Complete,1015,1660,2022-11-15,
Lockhart 11-07-31-02 W5,358,Journey Energy Inc.,Annual Survey,Mike Roberts,Active,640,885,2022-11-15,
Medicine River Area 10-24-34-09 W5,357,New North Resources Ltd.,Annual Survey,Brody Leveille,Active,630,804.5,2023-02-15,
Gull Lake 16-14-42-01 W5,356,RKSmith Energy Corporation,Annual Survey,Brody Leveille,Planned,0,430,2023-01-28,
Grand Forks 15-26-11-14 W4,355,New North Resources Ltd.,Annual Survey,Mike Roberts,Survey Complete,1160,1516.44,2022-10-14,
Drayton Valley 06-14-50-09 W5,354,Ridgeback Resources Inc.,Annual Survey,Mike Roberts,Survey Complete,405,895,2022-11-15,
Sturgeon Lake 16-35-72-23 W5,353,Tourmaline Oil Corporation,Annual Survey,Mike Roberts,Survey Complete,800,1446.77,2022-09-15,
Poplar Creek 12-08-47-03 W5,352,Journey Energy Inc.,Annual Survey,Mike Roberts,Survey Complete,785,1068.75,2023-01-13,
Stolberg 15-02-42-15 W5,351,Persist Oil & Gas Inc.,Annual Survey,Brody Leveille,Active,1445,3155.14,2022-09-15,
Morningside 02-01-42-27 W4,350,Just Freehold Energy Corp.,Annual Survey,Brody Leveille,Survey Complete,3620,4223.91,2022-10-14,
Red Deer - Sylvan Lake Inactive 06-35-39-01 W5M,349,InPlay Oil Corp.,Annual Survey,Brody Leveille,Survey Complete,2056,2574.2,2022-07-15,
Olds Garrington 10-28-32-02 W5,348,Persist Oil & Gas Inc.,Annual Survey,Brody Leveille,Survey Complete,2567.5,4030,2022-09-15,
Verendrye 04-14-28-23-03 W3,347,ISH Energy Ltd. (SK),Annual Survey,Brody Leveille,Planned,0,8700,2023-01-28,
Rocky Mountain House 15-18-40-07 W5,346,Crescent Point Energy Corp.,Annual Survey,Andrew Reader,Planned,0,3780,2023-01-28,
Poplar Creek 10-12-47-04 W5,345,Journey Energy Inc.,Annual Survey,Mike Roberts,Survey Complete,1050,1621.25,2023-01-13,
Red Deer Water Line 03-35-28-01 W5,344,Mountain View Regional Water Services,Annual Survey,Brody Leveille,Active,3575,7335,2023-03-02,
Alder Flats/Carrot Creek Orphan Lines 15-3-51-13 W5,343,i3 Energy Canada Ltd.,Annual Survey,Brody Leveille,Survey Complete,580,923.77,2023-01-13,
Whitemud 09-15-06-20 W3,341,Crescent Point Energy Corp. (SK),Annual Survey,Mike Roberts,Survey Complete,945,1876.82,2022-11-15,
Rochester 16-23-63-24 W4,340,ISH Energy Ltd.,Annual Survey,Mike Roberts,Planned,0,1260,2023-01-28,
Rondo 08-35-48-11 W5M,339,Ridgeback Resources Inc.,Annual Survey,Mike Roberts,Active,3720,3649.4,2022-11-15,
Puskwa 10-10-74-01 W6,338,Long Run Exploration Ltd.,Annual Survey,Brody Leveille,Survey Complete,2610,3872.09,2022-09-15,
Enchant 09-21-13-15 W4,337,CNRL,Annual Survey,Mike Roberts,Survey Complete,1980,2958.61,2022-07-15,
Crystal 01-04-47-03 W5,336,Keyera Partnership,Annual Survey,Brody Leveille,Survey Complete,930,2835,2022-08-15,
Leitchville 16-17-08-19 W3,335,Crescent Point Energy Corp. (SK),Annual Survey,Mike Roberts,Survey Complete,3865,3344.97,2022-11-23,
South Mitsue 07-18-69-02 W5,334,CNRL,Annual Survey,Mike Roberts,Planned,0,0,2023-01-28,
Mountainview 08-06-47-06 W5 (3 rectifiers),332,Obsidian Energy Ltd.,Annual Survey,Mike Roberts,Survey Complete,3837.5,4530,2022-08-15,
Tomahawk 03-02-50-06 W5 (2 Rectifiers),331,Obsidian Energy Ltd.,Annual Survey,Mike Roberts,Survey Complete,1350,2015,2022-12-07,
Dowling Hanna FTI 04-01-33-15 W4M,330,InPlay Oil Corp.,Annual Survey,Brody Leveille,Survey Complete,410,1110,2022-08-15,
Willesden Green Cardium 03-34-41-06 W5,329,InPlay Oil Corp.,Annual Survey,Brody Leveille,Survey Complete,408,700,2022-07-15,
Kaybob 04-26-60-18 W5 / Bigstone & Chickadee FTI,328,ORLEN Upstream Canada Ltd.,Annual Survey,Mike Roberts,Survey Complete,2570,6202.87,2022-07-15,
Crescent Point Orphan Lines/FTI,327,Crescent Point Energy Corp.,Annual Survey,Mike Roberts,Survey Complete,4340,9912.22,2022-12-15,
Wolf Creek 02-24-50-12 W5,325,Obsidian Energy Ltd.,Annual Survey,Mike Roberts,Survey Complete,1215,1555,2022-11-15,
Med River 04-34-38-04 W5,324,i3 Energy Canada Ltd.,Annual Survey,Brody Leveille,Active,1662.5,2013.72,2022-09-15,
Gull Lake 03-20-40-28 W4,323,Journey Energy Inc.,Annual Survey,Mike Roberts,Active,937.5,1292.95,2022-11-15,
Brazeau South & West 10-36-43-12 W5,322,Loyal Energy (Canada) Operating Ltd.,Annual Survey,Brody Leveille,Active,0,172,2022-06-15,
Ricinus 13-10-36-09 W5,321,Petrus Resources Ltd.,Annual Survey,Brody Leveille,Survey Complete,1415,2606.06,2022-09-15,
Willesden Green 05-14-39-05 W5,320,InPlay Oil Corp.,Annual Survey,Brody Leveille,Survey Complete,480,702.5,2022-06-15,
Turin 14-30-11-19 W4M,319,i3 Energy Canada Ltd.,Annual Survey,Brody Leveille,Active,785,1254.35,2022-11-15,
Gull Lake Oil 06-11-13-19 W3,318,Crescent Point Energy Corp. (SK),Annual Survey,Mike Roberts,Survey Complete,945,1781.75,2022-05-16,
Harmattan & Elkton Rectifier Repairs,315,Loyal Energy (Canada) Operating Ltd.,Annual Survey,Brody Leveille,Survey Complete,1522,19143.74,2022-11-15,
Ferrier 01-10-042-08 W5M (Red Deer),314,InPlay Oil Corp.,Annual Survey,Brody Leveille,Survey Complete,824,2050,2022-10-14,
Carrot Creek 02-18-52-12 W5,313,North Fork Resources Ltd.,Annual Survey,Mike Roberts,Active,1267.5,1591.25,2022-09-15,
Crimson Lake 12-01-42-08 W5,312,Obsidian Energy Ltd.,Annual Survey,Brody Leveille,Survey Complete,21762.5,36573.25,2022-11-15,
Lockhart Offload Pipeline 06-19-41-02 W5,311,Keyera Partnership,Annual Survey,Brody Leveille,Survey Complete,1200,1835,2022-08-15,
Rapdan 15-11-04-20 W3,310,Crescent Point Energy Corp. (SK),Annual Survey,Mike Roberts,Survey Complete,2520,4798.74,2022-11-23,
Bigoray 06-28-51-08 W5 (9 Rectifiers),309,Obsidian Energy Ltd.,Annual Survey,Mike Roberts,Survey Complete,6184,10707.42,2022-09-15,
Leafland Cardium Unit #1 14-33-39-05 W5,308,InPlay Oil Corp.,Annual Survey,Brody Leveille,Survey Complete,714,2267.5,2022-09-15,
Gilby 03-27-41-02 W5,307,Journey Energy Inc.,Annual Survey,Mike Roberts,Active,1475,1326.05,2022-11-15,
Leafland 06-27-40-05 W5,306,InPlay Oil Corp.,Annual Survey,Brody Leveille,Survey Complete,1538,2707.5,2022-10-14,
Little Bow 10-27-14-18 W4,305,Crescent Point Energy Corp.,Annual Survey,Mike Roberts,Survey Complete,1630,1721.25,2022-08-15,
Leafland 14-23-40-06 W5,304,InPlay Oil Corp.,Annual Survey,Brody Leveille,Survey Complete,221,602.5,2022-09-15,
Bigoray FTI,303,i3 Energy Canada Ltd.,Annual Survey,Brody Leveille,Survey Complete,2307.5,1698.27,2022-12-16,
Consul 05-36-03-26 W3,302,North America Helium,Annual Survey,Brody Leveille,Planned,0,725,2023-01-28,
Wildcat Hills 06-28-26-05 W4,301,Persist Oil & Gas Inc.,Annual Survey,Brody Leveille,Survey Complete,1112.5,1485,2022-10-14,
Carrot Creek 14-03-52-13 W5 / 02-21-52-12 W5 (2 rectifiers),300,Obsidian Energy Ltd.,Annual Survey,Mike Roberts,Survey Complete,1656,3017.5,2022-11-15,
Pembina Buck Creek 05-19-47-06 W5,299,InPlay Oil Corp.,Annual Survey,Brody Leveille,Survey Complete,994,1195,2022-07-15,
Wilson Creek 09-19-43-03 W5,298,i3 Energy Canada Ltd.,Annual Survey,Brody Leveille,Active,1295,1690.11,2022-09-15,
Willesden Green 03-27-41-07 W5,297,InPlay Oil Corp.,Annual Survey,Brody Leveille,Survey Complete,743,1595,2022-07-15,
Carstairs 10-05-30-01 W5,295,G Herman Group Inc.,Annual Survey,Brody Leveille,Survey Complete,1090,1395,2022-10-14,
Marten Hills 12-18-76-25 W4,293,CNRL,Annual Survey,Mike Roberts,Survey Complete,12354,47942.03,2022-04-01,
Leafland 13-16-40-05 W5,292,InPlay Oil Corp.,Annual Survey,Brody Leveille,Survey Complete,892,1532.5,2022-10-14,
Lanaway 04-23-36-03 W5,291,CNRL,Annual Survey,Brody Leveille,Survey Complete,960,1410,2022-11-15,
Westerose 03-09-46-01 W5,290,Journey Energy Inc.,Annual Survey,Mike Roberts,Survey Complete,785,1117.5,2022-11-15,
Rimbey 01-30-43-01 W5,289,i3 Energy Canada Ltd.,Annual Survey,Brody Leveille,Active,1935,2352.15,2022-09-15,
Saddle/Slawa 09-09-58-11 W4,288,CNRL,Annual Survey,Mike Roberts,Planned,0,16360,2023-01-28,
Sylvan Lake 16-19-38-01 W5,287,i3 Energy Canada Ltd.,Annual Survey,Brody Leveille,Active,205,367.5,2022-09-15,
Red Deer - Sylvan Lake 08-10-39-02 W5,286,InPlay Oil Corp.,Annual Survey,Brody Leveille,Survey Complete,1674,3245,2022-06-15,
Med River 08-04-40-03 W5,285,i3 Energy Canada Ltd.,Annual Survey,Brody Leveille,Active,622.5,802.5,2022-09-15,
Twining 12-09-32-24 W4,284,InPlay Oil Corp.,Annual Survey,Brody Leveille,Survey Complete,410,610,2022-08-15,
Westerose 13-17-46-01 W5,283,Journey Energy Inc.,Annual Survey,Mike Roberts,Survey Complete,1560,2062.5,2022-11-15,
Leitchville Oil 16-32-08-19 W3,282,Crescent Point Energy Corp. (SK),Annual Survey,Mike Roberts,Survey Complete,680,5235,2022-10-14,
Prairiedale 02-23-32-26 W3,281,ISH Energy Ltd. (SK),Annual Survey,Brody Leveille,Planned,0,33900,2023-01-28,
Vulcan 05-25-16-25 W4,280,Crescent Point Energy Corp.,Annual Survey,Mike Roberts,Active,467.5,2741.3,2022-08-15,
"Drayton Valley (Lodgepole 10-28, PCU # 13, 11-25) 11-25-49-07 W5",279,InPlay Oil Corp.,Annual Survey,Brody Leveille,Survey Complete,1538,3408.75,2022-07-15,
Huxley 01-30-34-23 W4,278,Corse Energy Corp.,Annual Survey,Brody Leveille,Active,1720,1802.5,2023-01-26,
Instow 11-24-09-18 W3,277,Crescent Point Energy Corp. (SK),Annual Survey,Mike Roberts,Survey Complete,1135,2216.28,2022-11-23,
Dollard 16-27-07-19 W3,276,Crescent Point Energy Corp. (SK),Annual Survey,Mike Roberts,Survey Complete,4230,3591.28,2022-06-15,
Gilby Jurrassic Oil 10-19-40-03 W5,274,i3 Energy Canada Ltd.,Annual Survey,Brody Leveille,Active,3382.5,3888.82,2022-09-15,
Calling Lake 01-11-70-23 W4,273,CNRL,Annual Survey,Mike Roberts,Survey Complete,986,13037.78,2022-03-01,
Leafland 04-01-041-06 W5 (Red Deer),272,InPlay Oil Corp.,Annual Survey,Brody Leveille,Survey Complete,221,747.5,2022-09-15,
Lucky Hills 10-22-30-23 W3,271,ISH Energy Ltd. (SK),Annual Survey,Brody Leveille,Planned,0,4750,2023-01-28,
Butte West 07-29-12-19 W3,270,Crescent Point Energy Corp. (SK),Annual Survey,Mike Roberts,Survey Complete,3687.5,8896.82,2022-05-16,
Innisfail,269,Crossroad Gas Co-op Ltd.,Annual Survey,Brody Leveille,Planned,0,2200,2023-01-28,
Strachan 14-29-37-08 W5,268,Petrus Resources Ltd.,Annual Survey,Brody Leveille,Survey Complete,1200,2197.43,2022-09-15,
Sawtooth Enchant 02-06-13-15 W4,267,CNRL,Annual Survey,Mike Roberts,Survey Complete,2407.5,2805.62,2022-07-15,
Enchant 08-21-13-16 W4,266,CNRL,Annual Survey,Mike Roberts,Survey Complete,2425,4033.75,2022-07-15,
Hays Gas Plant 11-31-13-14 W4,265,CNRL,Annual Survey,Mike Roberts,Survey Complete,3947.5,5482.5,2022-06-15,
Judy Creek 08-29-63-09 W5,264,Crescent Point Energy Corp.,Annual Survey,Mike Roberts,Survey Complete,2695,4426.41,2022-07-15,
North Premier Oil 09-33-14-19 W3,263,Crescent Point Energy Corp. (SK),Annual Survey,Mike Roberts,Survey Complete,930,2183.77,2022-05-16,
Kindersley 02-30-29-23 W3,262,ISH Energy Ltd. (SK),Annual Survey,Brody Leveille,Planned,0,5000,2023-01-28,
Brooks South 04-31-17-12 W4,261,CNRL,Annual Survey,Mike Roberts,Survey Complete,5452.5,7245,2022-09-15,
Greenan 03-13-26-18 W3,259,Crescent Point Energy Corp. (SK),Annual Survey,Mike Roberts,Survey Complete,435,1994.93,2022-06-15,
West Beauvallon 04-09-54-10 W4,258,CNRL,Annual Survey,Mike Roberts,Survey Complete,3295.33,9706.54,2022-07-15,
Edward North 05-08-61-16 W4,257,CNRL,Annual Survey,Mike Roberts,Active,0,2680,2022-09-15,
Cherhill 15-08-57-05 W5,256,CNRL,Annual Survey,Mike Roberts,Survey Complete,355,1242.5,2022-09-15,
Enchant 05-17-13-15 W4,255,CNRL,Annual Survey,Mike Roberts,Survey Complete,790,1241.25,2022-07-15,
Plain Lake 15-36-52-13 W4,254,CNRL,Annual Survey,Mike Roberts,Active,0,3875,2022-07-15,
Athabasca West 07-17-66-23 W4,253,CNRL,Annual Survey,Mike Roberts,Planned,0,2700,2023-01-28,
Medicine River 02-08-39-04 W5,252,InPlay Oil Corp.,Annual Survey,Brody Leveille,Survey Complete,1198,1660,2022-09-15,
Coleman Water Line 12-23-08-05 W5,251,Discovery Resource Management,Annual Survey,Mike Roberts,Active,5070,8316.87,2022-11-15,
Freehold Royalties FTI - Anode Install,250,Freehold Royalties Ltd.,Annual Survey,Brody Leveille,Active,730,6470.75,2023-01-13,
North Premier 09-34-14-19 W3,249,Crescent Point Energy Corp. (SK),Annual Survey,Mike Roberts,Survey Complete,470,1172.51,2022-05-16,
Elspeth Terminal 01-33-38-02 W5,248,BTG Energy Corp.,Annual Survey,Brody Leveille,Survey Complete,1020,1247.5,2022-12-16,
i3 FTI,247,i3 Energy Canada Ltd.,Annual Survey,Brody Leveille,Active,3145,4825.53,2022-10-14,
Berry Gas 16-21-28-13 W4,246,Bonavista Energy Corporation,Annual Survey,Mike Roberts,Active,0,1475,2022-05-16,
Rosevear 05-21-55-16 W5,245,Petrus Resources Ltd.,Annual Survey,Brody Leveille,Survey Complete,1360,1874.07,2022-06-15,
Willesden Green North 01-02-44-08 W5M,244,InPlay Oil Corp.,Annual Survey,Brody Leveille,Survey Complete,722,1375,2022-07-15,
Pembina 06-15-47-07 W5,243,Bonterra Energy Corp.,Annual Survey,Mike Roberts,Survey Complete,4467.5,7502.8,2022-11-15,
Joffre Plant SE1/4-32-038-25 W4M,242,INEOS Canada Partnership,Annual Survey,Barry Williscroft,Survey Complete,0,4666,2022-11-15,
Markerville 07-25-36-03 W5,241,i3 Energy Canada Ltd.,Annual Survey,Brody Leveille,Active,580,848.75,2022-09-15,
Bonnie Glen / Ferrybank / Pine Lake 05-26-47-27 W4,240,Forge Oil & Gas Limited,Annual Survey,Mike Roberts,Planned,0,1100,2023-01-28,
West Fosterton Oil 14-04-17-18 W3,239,Crescent Point Energy Corp. (SK),Annual Survey,Mike Roberts,Survey Complete,562.5,1222.09,2022-05-16,
Enchant 11-23-14-17 W4,238,CNRL,Annual Survey,Mike Roberts,Survey Complete,1390,2207.5,2022-07-15,
Lochend 04-11-28-04 W5,237,Bonavista Energy Corporation,Annual Survey,Brody Leveille,Survey Complete,1640,1982.5,2022-08-15,
Cynthia 14-21-49-10 W5,236,i3 Energy Canada Ltd.,Annual Survey,Brody Leveille,Active,512.5,1222.76,2022-11-15,
Slave Lake Tank Facilities 16-31-73-05 W5,235,Enerchem International Inc.,Annual Survey,Mike Roberts,Survey Complete,290,2402.5,2022-03-15,
Lucky Hills 15-10-30-23 W3,234,Crescent Point Energy Corp. (SK),Annual Survey,Mike Roberts,Survey Complete,355,840.71,2022-06-15,
Shiningbank 10-12-56-17 W5,233,ISH Energy Ltd.,Annual Survey,Mike Roberts,Survey Complete,1970,4171.33,2022-11-15,
Ansell 12-31-50-17 W5,232,Bonavista Energy Corporation,Annual Survey,Mike Roberts,Survey Complete,2970,7330,2022-04-14,
Lodgepole Battery 3 & 4 06-05-48-10 W5,231,InPlay Oil Corp.,Annual Survey,Brody Leveille,Survey Complete,1096,2221.25,2022-11-15,
Willesden Green 01-27-40-06 W5,230,InPlay Oil Corp.,Annual Survey,Brody Leveille,Survey Complete,374,855,2022-07-15,
Many Islands Gas 05-14-13-01 W4,229,CNRL,Annual Survey,Mike Roberts,Survey Complete,2365,4202.49,2022-11-15,
Carmangay 16-09-13-21 W4M,228,i3 Energy Canada Ltd.,Annual Survey,Brody Leveille,Active,2492.5,2977.44,2022-11-15,
Verger 11-36-23-18 W4,227,Bonavista Energy Corporation,Annual Survey,Mike Roberts,Active,0,1895,2022-05-16,
Crystal 09-06-46-03 W5,226,Journey Energy Inc.,Annual Survey,Mike Roberts,Active,9540,23760,2022-11-15,
Garrington 06-28-33-03 W5,225,Clearview Resources Ltd.,Annual Survey,Brody Leveille,Survey Complete,460,745,2022-09-15,
Gull Lake South 02-26-12-19 W3,224,Crescent Point Energy Corp. (SK),Annual Survey,Mike Roberts,Survey Complete,845,1115.01,2022-05-16,
Balsam 03-33-82-10 W6,223,Clearview Resources Ltd.,Annual Survey,Mike Roberts,Survey Complete,759,2352.66,2022-09-15,
Hoadley 06-02-45-02 W5,222,Bonavista Energy Corporation,Annual Survey,Brody Leveille,Survey Complete,6183,9617.34,2022-06-15,
Provost 07-04-41-3 W4,221,DEL Canada GP Ltd.,Annual Survey,Brody Leveille,Planned,0,2200,2023-01-28,
Bantry Gas 05-08-19-13 W4,220,CNRL,Annual Survey,Mike Roberts,Survey Complete,5437.5,6251,2022-11-15,
Gleneath 04-06-31-21 W3,219,ISH Energy Ltd. (SK),Annual Survey,Brody Leveille,Planned,0,1755,2023-01-28,
Ferrier 11-29-39-07 W5M,218,Bonavista Energy Corporation,Annual Survey,Brody Leveille,Active,0,1245,2022-04-14,
Countess 12-09-23-18 W4,216,Edalis Energy Inc.,Annual Survey,Mike Roberts,Planned,0,968,2022-12-16,
Carstairs Elkton A Unit 03-03-30-02 W5,215,Bonavista Energy Corporation,Annual Survey,Brody Leveille,Survey Complete,2630,4350,2022-08-15,
Bolloque 10-10-64-26 W4,213,CNRL,Annual Survey,Mike Roberts,Planned,0,0,2023-01-28,
Bigstone 10-06-60-23 W5,212,DEL Canada GP Ltd.,Annual Survey,Brody Leveille,Survey Complete,1060,9718.93,2022-03-15,
Pembina 14-04-49-09 W5,211,i3 Energy Canada Ltd.,Annual Survey,Brody Leveille,Active,750,1053.12,2022-11-15,
Gilby 10-12-41-03 W5,209,i3 Energy Canada Ltd.,Annual Survey,Brody Leveille,Active,742.5,982.5,2022-09-15,
Wilson Creek 06-20-44-03 W5,208,Clearview Resources Ltd.,Annual Survey,Brody Leveille,Survey Complete,3202.5,3610.43,2022-08-15,
Enchant 05-27-14-16 W4,206,CNRL,Annual Survey,Mike Roberts,Survey Complete,3040,4892.5,2022-06-15,
Leafland 06-29-39-05 W5,204,InPlay Oil Corp.,Annual Survey,Brody Leveille,Survey Complete,442,1037.5,2022-09-15,
Medicine River 14-36-39-05 W5,202,InPlay Oil Corp.,Annual Survey,Brody Leveille,Active,2280,2250.65,2022-09-15,
Fox Creek 05-33-63-20 W5,199,Crescent Point Energy Corp.,Annual Survey,Mike Roberts,Survey Complete,18907.5,34752.79,2022-11-15,
Pendryl (Pembina) 01-09-48-05 W5,198,InPlay Oil Corp.,Annual Survey,Brody Leveille,Survey Complete,1054,1342.5,2022-07-15,
Buck Lake 10-04-47-5 W5,197,Clearview Resources Ltd.,Annual Survey,Brody Leveille,Survey Complete,680,1171.41,2022-07-15,
Minors Inactive 03-16-37-07 W5,195,InPlay Oil Corp.,Annual Survey,Brody Leveille,Survey Complete,2014,6926.26,2022-07-15,
Northville 04-24-52-11 W5,194,Clearview Resources Ltd.,Annual Survey,Mike Roberts,Survey Complete,2460,4693.66,2022-07-15,
Leedale 09-21-43-03 W5,193,i3 Energy Canada Ltd.,Annual Survey,Brody Leveille,Active,2155,2255.46,2022-09-15,
Germain 08-04-85-22 W4,191,CNRL,Annual Survey,Mike Roberts,Survey Complete,993.5,2559.5,2022-03-18,
Maxhamish,190,Crescent Point Energy Corp.,Annual Survey,Mike Roberts,Survey Complete,16.5,3295,2022-03-15,
Harmattan Plant & Field 16-27-31-04 W5,189,Harmattan Gas Processing LP,Annual Survey,Andrew Reader,Survey Complete,16850,38070.65,2022-10-14,
Willesden Green 01-17-42-06 W5 - Deficiency Rechecks,188,Entrada Resources Inc.,Annual Survey,Brody Leveille,Active,1670,8679.26,2023-01-13,
Bellis West 10-05-59-16 W4,185,CNRL,Annual Survey,Mike Roberts,Survey Complete,3680,8013.12,2022-09-15,
Godin 15-19-81-01 W5,184,CNRL,Annual Survey,Mike Roberts,Planned,0,2750,2023-01-28,
Caribou 13-10-62-10 W5,182,Crescent Point Energy Corp.,Annual Survey,Mike Roberts,Survey Complete,0,1650,2022-12-16,
Keystone 05-35-48-04 W5,181,Bonterra Energy Corp.,Annual Survey,Mike Roberts,Survey Complete,7536,15748.94,2022-12-16,
Cutpick 03-21-60-08 W6,180,Crescent Point Energy Corp.,Annual Survey,Mike Roberts,Planned,0,4170,2023-01-28,
West Gull Lake Oil 02-20-13-19 W3,179,Crescent Point Energy Corp. (SK),Annual Survey,Mike Roberts,Survey Complete,785,1292.51,2022-05-16,
Instow 15-33-09-18 W3,177,Crescent Point Energy Corp. (SK),Annual Survey,Mike Roberts,Survey Complete,3060,4087.58,2022-10-14,
Antelope Lake 14-09-16-18 W3,176,Crescent Point Energy Corp. (SK),Annual Survey,Mike Roberts,Survey Complete,562.5,793.34,2022-05-16,
Grand Forks 12-14-11-14 W4,175,Ascensun Oil and Gas Ltd.,Annual Survey,Mike Roberts,Survey Complete,767.5,925,2022-10-14,
Rainbow Lake,174,Heartland Generation Ltd.,Annual Survey,Barry Williscroft,Survey Complete,1525,1778.75,2022-07-15,
Dollard 02-22-07-20 W3,173,Crescent Point Energy Corp. (SK),Annual Survey,Mike Roberts,Survey Complete,12591,78011.86,2022-07-15,
Pembina 14-23-47-07 W5,172,Bonterra Energy Corp.,Annual Survey,Mike Roberts,Survey Complete,320,1027.5,2022-11-15,
Retlaw FTI,171,Harvard Energy,Annual Survey,Mike Roberts,Planned,0,1130,2023-01-28,
Twining 16-20-31-24 W4,170,Barnwell of Canada Limited,Annual Survey,Brody Leveille,Survey Complete,900,1660,2022-08-15,
Leo 10-19-36-17 W4,168,DEL Canada GP Ltd.,Annual Survey,Brody Leveille,Planned,0,1500,2023-01-28,
Ferrier FTI,167,Baccalieu Energy Inc.,Annual Survey,Brody Leveille,Survey Complete,1300,2342.5,2022-06-15,
Hays 05-23-12-15 W4,166,Ascensun Oil and Gas Ltd.,Annual Survey,Mike Roberts,Survey Complete,822.5,572.5,2022-10-14,
Gambler Non-Op 14-14-71-20 W4,165,CNRL,Annual Survey,Mike Roberts,Survey Complete,0,5500,2022-09-13,
North Premier 07-24-15-19 W3,164,Crescent Point Energy Corp. (SK),Annual Survey,Mike Roberts,Survey Complete,640,1258.76,2022-05-16,
Ferrybank 02-01-44-28 W4,163,Bonavista Energy Corporation,Annual Survey,Brody Leveille,Survey Complete,7821.5,8949.48,2022-06-15,
Smith West/Victor/Spurfield/Decrene 16-01-71-02 W5,162,CNRL,Annual Survey,Mike Roberts,Paused,0,9765,2022-09-13,
Greencourt 09-26-59-09 W5,161,CNRL,Annual Survey,Mike Roberts,Survey Complete,2830,4542.23,2022-08-15,
Armada 13-35-16-19 W4,160,Crescent Point Energy Corp.,Annual Survey,Mike Roberts,Survey Complete,767.5,1050,2022-08-15,
Red Rock 02-12-63-09 W6,159,Crescent Point Energy Corp.,Annual Survey,Mike Roberts,Planned,0,3040,2023-03-14,
Wilson Creek 15-13-43-04 W5,158,Bonavista Energy Corporation,Annual Survey,Brody Leveille,Survey Complete,17720,10711.84,2022-07-15,
Vilna 01-32-59-13 W4,157,CNRL,Annual Survey,Mike Roberts,Survey Complete,4428,13538.11,2022-08-15,
Cold Lake 11-22-61-05 W4,156,DEL Canada GP Ltd.,Annual Survey,Mike Roberts,Planned,0,3530,2023-01-28,
Borradaile East 06-20-51-06 W4,155,CNRL,Annual Survey,Mike Roberts,Survey Complete,785.4,2577.62,2022-07-15,
Meyer Area - Meyer Lk N&S/Smith Booster / Hondo 15-29-70-24 W4,154,CNRL,Annual Survey,Mike Roberts,Planned,0,0,2023-01-28,
Akuinu/Florence Creek 09-31-67-03 W5,153,CNRL,Annual Survey,Mike Roberts,Active,11810,15525.5,2022-09-15,
Saleski 03-26-85-19 W4,152,CNRL,Annual Survey,Mike Roberts,Survey Complete,959.5,2989.5,2022-03-18,
Burstall 09-07-20-28 W3,151,Crescent Point Energy Corp. (SK),Annual Survey,Mike Roberts,Survey Complete,1680,3416.03,2022-11-15,
Hays 12-27-13-14 W4,150,CNRL,Annual Survey,Mike Roberts,Survey Complete,1277.5,2061.15,2022-07-15,
Beverly 06-31-14-17 W3,147,Crescent Point Energy Corp. (SK),Annual Survey,Mike Roberts,Survey Complete,562.5,1398.34,2022-05-16,
Halkirk North & South 06-31-38-16 W4,146,DEL Canada GP Ltd.,Annual Survey,Brody Leveille,Planned,0,1100,2023-01-28,
Vale 01-17-14-01 W4,145,CNRL,Annual Survey,Mike Roberts,Survey Complete,1257.5,2133.05,2022-11-15,
Sun Valley & SunliteGas 02-13-13-04 W4,144,CNRL,Annual Survey,Mike Roberts,Survey Complete,2960,8954.85,2022-11-15,
Whitemud 01-09-06-20 W3,143,Crescent Point Energy Corp. (SK),Annual Survey,Mike Roberts,Survey Complete,1020,1866.71,2022-11-23,
Sylvan Lake Gas Plant 14-32-37-03 W5 & Sylvan lake area pipelines,142,BTG Energy Corp.,Annual Survey,Brody Leveille,Survey Complete,3415,5570,2023-01-13,
Antelope Oil 08-24-13-18 W3,141,Crescent Point Energy Corp. (SK),Annual Survey,Mike Roberts,Survey Complete,562.5,1060.84,2022-05-16,
East Cantaur 09-18-16-16 W3,139,Crescent Point Energy Corp. (SK),Annual Survey,Mike Roberts,Survey Complete,785,2131.26,2022-05-16,
Crystal / Norbuck 04-18-46-02 W5,138,Bonavista Energy Corporation,Annual Survey,Brody Leveille,Survey Complete,1930,2905,2022-08-15,
Prairiedale Gas 09-30-32-24 W3,137,Baytex Energy Corp. (SK),Annual Survey,Brody Leveille,Survey Complete,6142,10085.99,2022-08-15,
Enchant 08-03-15-16 W4,136,Crescent Point Energy Corp.,Annual Survey,Mike Roberts,Survey Complete,625,1000,2022-08-15,
Cygnet FTI,135,Bonavista Energy Corporation,Annual Survey,Brody Leveille,Survey Complete,950,2306,2022-06-15,
Judy Creek 12-03-63-09 W5,133,Crescent Point Energy Corp.,Annual Survey,Mike Roberts,Survey Complete,417.5,701.62,2022-07-15,
Coutts 13-03-01-17 W4,132,Crescent Point Energy Corp.,Annual Survey,Mike Roberts,Survey Complete,2035,2621.38,2022-08-15,
Caroline / Cardium 15-16-34-05 W5,131,Bonavista Energy Corporation,Annual Survey,Brody Leveille,Survey Complete,4575,7304.77,2022-08-15,
Killam 14-11-42-14 W4,130,Crescent Point Energy Corp.,Annual Survey,Brody Leveille,Planned,0,1100,2023-01-28,
Butte 06-12-12-19 W3,129,Crescent Point Energy Corp. (SK),Annual Survey,Mike Roberts,Survey Complete,622.5,988.34,2022-05-16,
Gilby 16-36-39-01 W5,128,CNRL,Annual Survey,Brody Leveille,Survey Complete,2440,4146.42,2022-11-15,
Coutts 10-22-01-16 W4,127,Crescent Point Energy Corp.,Annual Survey,Mike Roberts,Survey Complete,1925,2389.13,2022-08-15,
Rapdan 06-09-04-20 W3,124,Crescent Point Energy Corp. (SK),Annual Survey,Mike Roberts,Survey Complete,1590,1977.6,2022-11-23,
Hays 12-18-13-14 W4,123,CNRL,Annual Survey,Mike Roberts,Survey Complete,2575,4996.55,2022-05-16,
Gilby 03-28-41-04 W5,122,Bonavista Energy Corporation,Annual Survey,Brody Leveille,Active,0,3280,2022-04-14,
South Rosevear 07-20-53-15 W5,121,Bonavista Energy Corporation,Annual Survey,Mike Roberts,Survey Complete,3780,6147.64,2022-04-14,
Wolf Lake 10-12-52-15 W5,120,Bonavista Energy Corporation,Annual Survey,Mike Roberts,Survey Complete,2440,5449.66,2022-04-14,
Gardenhead 01-20-10-19 W3,119,Crescent Point Energy Corp. (SK),Annual Survey,Mike Roberts,Survey Complete,3652.5,3891.97,2022-11-23,
Pine Creek 10-23-57-19 W5M,117,Bonavista Energy Corporation,Annual Survey,Mike Roberts,Active,4140,13262,2022-04-14,
Twining 05-10-32-24 W4,115,Barnwell of Canada Limited,Annual Survey,Brody Leveille,Survey Complete,390,790,2022-09-15,
Rider 11-17-49-04 W5,114,Bonterra Energy Corp.,Annual Survey,Mike Roberts,Survey Complete,432.5,787.5,2022-12-16,
Big Bend/Dancing Lake/Flatbush/Tieland/Chisholm Mills 13-36-66-27 W4,113,CNRL,Annual Survey,Mike Roberts,Survey Complete,0,24730,2022-03-15,
Pembina 04-30-48-04 W5,112,Bonterra Energy Corp.,Annual Survey,Mike Roberts,Survey Complete,677.5,1147.5,2022-12-16,
Twining Oil 11-35-32-25 W4,111,Barnwell of Canada Limited,Annual Survey,Brody Leveille,Survey Complete,1150,2495.4,2022-08-15,
Bellis East 09-13-60-15 W4,110,CNRL,Annual Survey,Mike Roberts,Survey Complete,4054,9463.73,2022-09-15,
Virginia Hills Gas Line to Judy Creek 04-12-66-13 W5,109,Crescent Point Energy Corp.,Annual Survey,Mike Roberts,Survey Complete,2695,8874.91,2022-07-15,
Newell 08-18-18-14 W4,108,CNRL,Annual Survey,Mike Roberts,Survey Complete,3910,4155,2022-11-15,
Brooks North 12-12-20-12 W4,107,CNRL,Annual Survey,Mike Roberts,Survey Complete,3527.5,4268.75,2022-09-15,
Pembina 06-07-47-07 W5,106,Bonterra Energy Corp.,Annual Survey,Mike Roberts,Survey Complete,2665,3065.9,2022-12-16,
Bonterra FTI,105,Bonterra Energy Corp.,Annual Survey,Mike Roberts,Survey Complete,995,1098.5,2022-12-16,
Hays 08-36-12-15 W4,102,CNRL,Annual Survey,Mike Roberts,Survey Complete,1060,1721.64,2022-07-15,
Pembina 15-04-48-07 W5,101,Bonterra Energy Corp.,Annual Survey,Mike Roberts,Survey Complete,327.5,925,2022-12-16,
Badger/Scandia 06-30-15-16 W4,99,CNRL,Annual Survey,Mike Roberts,Survey Complete,1662.5,2542.5,2022-07-15,
Windfall 16-04-59-15 W5,97,Clearview Resources Ltd.,Annual Survey,Mike Roberts,Survey Complete,1550,2957.93,2022-07-15,
Groat 11-30-57-16 W5 & FTI,96,Bonavista Energy Corporation,Annual Survey,Mike Roberts,Active,0,3120,2022-04-14,
South Rosevear 10-11-54-15 W5,95,Bonavista Energy Corporation,Annual Survey,Mike Roberts,Survey Complete,4700,7670.42,2022-04-14,
North Rosevear 16-33-54-15 W5,93,Bonavista Energy Corporation,Annual Survey,Mike Roberts,Active,0,5075,2023-01-20,
North Twining 04-02-33-25 W4,92,Barnwell of Canada Limited,Annual Survey,Brody Leveille,Survey Complete,820,6816.89,2022-08-15,
Central Alberta FTI,91,Loyal Energy (Canada) Operating Ltd.,Annual Survey,Brody Leveille,Survey Complete,1210,2261.25,2022-10-14,
Pembina 15-26-49-10 W5,89,Clearview Resources Ltd.,Annual Survey,Brody Leveille,Survey Complete,1170,2420.46,2022-07-15,
Pembina FTI,88,Baccalieu Energy Inc.,Annual Survey,Brody Leveille,Survey Complete,2178,5731.13,2022-07-15,
Bonnie Glen 11-30-46-27 W4,87,Bonavista Energy Corporation,Annual Survey,Brody Leveille,Survey Complete,2530,3568.65,2022-06-15,
Pembina 07-18-47-06 W5,86,Bonterra Energy Corp.,Annual Survey,Mike Roberts,Survey Complete,887.5,1167.5,2022-11-15,
Lanaway 13-05-36-04 W5M,85,Bonavista Energy Corporation,Annual Survey,Brody Leveille,Active,1425,2707.5,2023-02-15,
Caribou 03-09-62-10 W5,84,Clearview Resources Ltd.,Annual Survey,Mike Roberts,Survey Complete,1470,3031.64,2022-07-15,
Pembina 06-24-47-08 W5,81,Bonterra Energy Corp.,Annual Survey,Mike Roberts,Survey Complete,357.5,817.5,2022-12-16,
Lanaway Gas 06-29-36-02 W5,80,Bonavista Energy Corporation,Annual Survey,Brody Leveille,Active,0,1557,2022-10-14,
Medicine River 12-04-39-03 W5,79,Baytex Energy Corp.,Annual Survey,Brody Leveille,Survey Complete,615,1042.5,2023-01-13,
Moose Creek 05-26-52-17 W5,78,Bonavista Energy Corporation,Annual Survey,Mike Roberts,Survey Complete,1740,1974.13,2022-04-14,
South Rosevear 01-05-55-16 W5,74,Bonavista Energy Corporation,Annual Survey,Mike Roberts,Active,0,1425,2022-04-14,
Harmattan 10-18-31-04 W5,73,Bonavista Energy Corporation,Annual Survey,Brody Leveille,Survey Complete,1810,3388.75,2022-07-15,
Niton 12-20-54-12 W5,72,Clearview Resources Ltd.,Annual Survey,Mike Roberts,Survey Complete,1140,2281.57,2022-07-15,
Moose Creek 11-32-52-16 W5,71,Bonavista Energy Corporation,Annual Survey,Mike Roberts,Survey Complete,2135,3596.12,2022-04-14,
Pembina 14-15-51-12 W5,70,Baccalieu Energy Inc.,Annual Survey,Brody Leveille,Survey Complete,696,2577.5,2022-06-22,
Willesden Green 04-17-43-07 W5,69,Baccalieu Energy Inc.,Annual Survey,Brody Leveille,Survey Complete,1368,2440,2022-07-15,
Westerose 14-27-45-01 W5,68,Bonavista Energy Corporation,Annual Survey,Brody Leveille,Survey Complete,8142,5998.04,2022-06-15,
Sylvan Lake FTI,67,Baccalieu Energy Inc.,Annual Survey,Brody Leveille,Survey Complete,1606,2820,2022-06-15,
Twining Oil 02-24-32-25 W4,66,Barnwell of Canada Limited,Annual Survey,Brody Leveille,Survey Complete,390,825,2022-08-15,
Marengo 10-26-29-28 W3,65,Baytex Energy Corp. (SK),Annual Survey,Brody Leveille,Survey Complete,500,1189.22,2022-08-15,
Harmattan FTI,64,Baccalieu Energy Inc.,Annual Survey,Brody Leveille,Survey Complete,2668,3165.84,2022-06-15,
Medicine Lodge 11-10-53-15 W5,61,Bonavista Energy Corporation,Annual Survey,Mike Roberts,Survey Complete,1070,1183.48,2022-04-14,
North Eureka 07-26-31-23 W3,58,Baytex Energy Corp. (SK),Annual Survey,Brody Leveille,Survey Complete,1302,2942.8,2022-08-15,
Crossfield 06-06-31-03 W5,57,Bonavista Energy Corporation,Annual Survey,Brody Leveille,Survey Complete,3930,4804.39,2022-07-15,
Willesden Green & Bingley 11-22-41-05 W5,56,Bonavista Energy Corporation,Annual Survey,Brody Leveille,Active,0,24500,2022-04-14,
Pembina 08-22-46-07 W5,55,Bonterra Energy Corp.,Annual Survey,Mike Roberts,Survey Complete,2082.5,3631.91,2022-11-15,
North Keystone 03-01-50-05 W5,54,Bonterra Energy Corp.,Annual Survey,Mike Roberts,Survey Complete,282.5,562.5,2022-12-16,
Pembina 14-28-46-07 W5,53,Bonterra Energy Corp.,Annual Survey,Mike Roberts,Survey Complete,3562.5,7202.57,2022-12-16,
Gleneath Non Unit 10-19-31-21 W3,52,Baytex Energy Corp. (SK),Annual Survey,Brody Leveille,Survey Complete,1120,1846.1,2022-08-15,
Pembina 14-03-48-07 W5,51,Bonterra Energy Corp.,Annual Survey,Mike Roberts,Survey Complete,530,863.36,2022-11-15,
Eureka 11-06-31-22 W3,50,Baytex Energy Corp. (SK),Annual Survey,Brody Leveille,Survey Complete,7080,10261.02,2022-08-15,
Grand Forks 10-22-11-14 W4,49,Ascensun Oil and Gas Ltd.,Annual Survey,Mike Roberts,Survey Complete,727.5,828.75,2022-10-14,
Grand Forks 10-07-11-13 W4,48,Ascensun Oil and Gas Ltd.,Annual Survey,Mike Roberts,Survey Complete,1075,1180,2022-10-14,
Gleneath Unit 12-11-31-22 W3,46,Baytex Energy Corp. (SK),Annual Survey,Brody Leveille,Survey Complete,10500,19804.2,2022-08-15,
Crimson Lake 13-01-40-08 W5,45,Bonavista Energy Corporation,Annual Survey,Brody Leveille,Active,0,1225,2022-04-14,
North Ricinus 11-30-35-08 W5M,44,Bonavista Energy Corporation,Annual Survey,Brody Leveille,Active,4770,10466,2023-02-15,
Ferrier 13-27-41-08 W5,43,Bonavista Energy Corporation,Annual Survey,Brody Leveille,Active,0,2200,2022-04-14,
Marlboro 04-29-55-19 W5,41,Bonavista Energy Corporation,Annual Survey,Mike Roberts,Active,3000,7074.15,2022-04-14,
Chedderville 04-24-36-08 W5,40,Bonavista Energy Corporation,Annual Survey,Brody Leveille,Active,0,1445,2023-02-15,
Morningside 10-03-42-28 W4,38,Bonavista Energy Corporation,Annual Survey,Brody Leveille,Survey Complete,1135,3294.5,2022-08-15,
Brazeau FTI,36,Baccalieu Energy Inc.,Annual Survey,Brody Leveille,Survey Complete,568,1575.8,2022-07-15,
Peco FTI,34,Baccalieu Energy Inc.,Annual Survey,Brody Leveille,Survey Complete,224,962.5,2022-06-15,
Strachan 05-34-37-08 W5,33,Bonavista Energy Corporation,Annual Survey,Brody Leveille,Active,3410,5552,2022-03-18,
Nevis 07-20-39-22 W4,32,HESC Energy Limited Partnership,Annual Survey,Brody Leveille,Survey Complete,1080,1735,2022-12-16,
Garrington 11-17-34-03 W5,31,Bonavista Energy Corporation,Annual Survey,Brody Leveille,Survey Complete,490,5853.5,2023-02-15,
South Elkton Gathering System 02-03-31-04 W5,29,Bonavista Energy Corporation,Annual Survey,Brody Leveille,Active,0,1035,2022-07-15,
Bow Island 09-10-10-13 W4,28,Ascensun Oil and Gas Ltd.,Annual Survey,Mike Roberts,Survey Complete,807.5,1256.25,2022-10-14,
FTI (Stanmore / Crossfield),27,Tester Oil Corp.,Annual Survey,Brody Leveille,Planned,0,1080,2023-01-28,
Outlook 05-01-36-28 W4,11,DEL Canada GP Ltd.,Annual Survey,Brody Leveille,Survey Complete,1730,5618.87,2022-02-09,
Bonterra Alsike AC Interference Study,8,AltaLink LP,Annual Survey,Andrew Reader,Active,2200,40220.29,2022-06-30,
